time,open,high,low,close,Volume,Volume MA,Accumulation/Distribution,RSI,RSI-based MA,Upper Bollinger Band,Lower Bollinger Band
2022-01-14T09:30:00-05:00,22.72,23.2291,22.701,23.2046,188225,59975.75,-7990775.220576931,34.82598862330036,35.413199586181676,NaN,NaN
2022-01-14T09:31:00-05:00,23.25,23.3,22.985,23.29,92986,64083.9,-7903693.093592805,39.079658334263215,35.656675431656055,NaN,NaN
2022-01-14T09:32:00-05:00,23.2788,23.48,23.22,23.36,80926,65306.25,-7897468.016669728,42.39822128142075,36.13644406086799,NaN,NaN
2022-01-14T09:33:00-05:00,23.35,23.51,23.2304,23.35,72407,67598.95,-7907930.25844369,42.045852410916964,36.15475416635928,NaN,NaN
2022-01-14T09:34:00-05:00,23.3399,23.34,23.02,23.15,56590,69327.9,-7918540.88344369,35.66215666640747,36.837601082364515,NaN,NaN
2022-01-14T09:35:00-05:00,23.1,23.4,22.9014,23.35,105152,73596.55,-7834478.333904981,44.7034710804538,38.224745659828876,NaN,NaN
2022-01-14T09:36:00-05:00,23.3463,23.36,23.11,23.3,46413,73380.55,-7810343.57390498,43.073789175279344,38.823700913998664,NaN,NaN
2022-01-14T09:37:00-05:00,23.2899,23.31,23.01,23.23,43458,72353.2,-7790063.17390498,40.82964908678803,39.394368493913596,NaN,NaN
2022-01-14T09:38:00-05:00,23.25,23.605,23.23,23.51,88165,74285.2,-7746568.440571645,51.67520017104732,40.867727125502746,NaN,NaN
2022-01-14T09:39:00-05:00,23.53,23.62,23.3,23.3125,39133,75632.95,-7782644.174946645,45.359653361310706,41.98894358881302,NaN,NaN
2022-01-14T09:40:00-05:00,23.32,23.59,23.28,23.5404,55151,70223.55,-7745141.494946645,52.56405989503888,43.1338898315131,NaN,NaN
2022-01-14T09:41:00-05:00,23.5799,23.69,23.448,23.448,104687,71931.15,-7849828.494946645,49.702671399962206,43.557393780112776,NaN,NaN
2022-01-14T09:42:00-05:00,23.46,23.5999,23.37,23.47,29289,71624.4,-7853637.721131943,50.39505738684855,44.28647071926794,NaN,NaN
2022-01-14T09:43:00-05:00,23.42,23.42,23.31,23.39,91052,72042.05,-7812250.448404671,47.81730929333572,44.2951955833128,NaN,NaN
2022-01-14T09:44:00-05:00,23.44,23.51,23.24,23.2987,64417,72031.55,-7848657.982478744,44.98901566399165,45.02112608621932,NaN,NaN
2022-01-14T09:45:00-05:00,23.27,23.4,23.1403,23.32,85849,73563.3,-7815700.164611974,45.794534953554844,45.50076013045443,NaN,NaN
2022-01-14T09:46:00-05:00,23.36,23.5,23.3,23.46,33404,73386.6,-7795657.764611973,50.88517346749345,46.1069710008882,NaN,NaN
2022-01-14T09:47:00-05:00,23.4796,23.5,23.22,23.279,75564,74825.9,-7839376.936040545,45.00098677189515,46.318052026672355,NaN,NaN
2022-01-14T09:48:00-05:00,23.29,23.3304,23.08,23.28,40505,73954.65,-7815177.463197094,45.03880119592019,46.987812350208976,NaN,NaN
2022-01-14T09:49:00-05:00,23.2576,23.3199,23.08,23.0863,36885,71512.9,-7850125.193501387,39.389470031744494,46.60824084672974,NaN,NaN
2022-01-14T09:50:00-05:00,23.06,23.2,23,23.155,66584,65430.85,-7813503.993501386,42.16053238424034,46.543008218798384,NaN,NaN
2022-01-14T09:51:00-05:00,23.155,23.16,22.93,23.12,58538,63708.45,-7775327.036979646,41.12886214635675,46.56438058019615,NaN,NaN
2022-01-14T09:52:00-05:00,23.12,23.21,22.89,23,60316,62677.95,-7794175.786979646,37.720756169056116,45.56763458005393,NaN,NaN
2022-01-14T09:53:00-05:00,23.02,23.02,22.9,22.92,44330,61274.1,-7823729.120312978,35.60267568430761,44.87070760312513,NaN,NaN
2022-01-14T09:54:00-05:00,22.93,22.99,22.87,22.9715,47053,60797.25,-7791184.12864631,38.015614416023794,43.83153292605262,NaN,NaN
2022-01-14T09:55:00-05:00,22.98,23.42,22.94,23.315,116012,61340.25,-7725927.37864631,51.16043003545782,43.93565854287374,NaN,NaN
2022-01-14T09:56:00-05:00,23.34,23.43,23.24,23.32,62991,62169.15,-7735873.32601473,51.32224945727952,44.00188654790452,NaN,NaN
2022-01-14T09:57:00-05:00,23.32,23.34,23.18,23.27,72669,63629.7,-7726789.70101473,49.55408381177038,44.125941870649854,NaN,NaN
2022-01-14T09:58:00-05:00,23.32,23.41,23.29,23.38,55891,62016,-7698844.201014731,53.36100440474832,44.723941066418185,NaN,NaN
2022-01-14T09:59:00-05:00,23.355,23.37,23.25,23.25,11436,60631.15,-7710280.201014731,48.68496642941989,44.9304004575514,NaN,NaN
2022-01-14T10:00:00-05:00,23.25,23.3,23.04,23.06,96469,62697.05,-7791907.816399347,42.783913937232114,44.35173906253274,NaN,NaN
2022-01-14T10:01:00-05:00,23.05,23.05,22.89,22.9199,58113,60368.35,-7828301.082649348,39.027491242948464,43.92506081046512,NaN,NaN
2022-01-14T10:02:00-05:00,22.905,22.97,22.81,22.8786,115762,64692,-7844797.167649348,37.969160200144444,43.42008645362399,NaN,NaN
2022-01-14T10:03:00-05:00,22.87,22.88,22.7303,22.77,48836,62581.2,-7867730.840328039,35.261372740743255,43.12522236140961,NaN,NaN
2022-01-14T10:04:00-05:00,22.76,22.835,22.73,22.8,66154,62668.05,-7845679.506994706,36.606321221722176,42.728492992658325,NaN,NaN
2022-01-14T10:05:00-05:00,22.79,23.03,22.7882,22.93,99979,63374.55,-7828396.123206452,42.20915793862003,42.80565697781998,NaN,NaN
2022-01-14T10:06:00-05:00,22.92,22.93,22.84,22.9,30463,63227.5,-7818241.789873119,41.30197389106545,43.06145824367779,NaN,NaN
2022-01-14T10:07:00-05:00,22.85,23.13,22.846,22.88,88042,63851.4,-7885203.310999881,40.67434531024862,43.42372035981642,NaN,NaN
2022-01-14T10:08:00-05:00,22.885,23.08,22.876,23.08,31105,63381.4,-7854098.310999881,49.0176224946185,44.20957807971605,NaN,NaN
2022-01-14T10:09:00-05:00,23.0758,23.0758,22.9,22.95,28528,62963.55,-7866398.779714329,44.62457162062196,43.74273105008491,NaN,NaN
2022-01-14T10:10:00-05:00,22.91,23.03,22.87,22.9962,17512,60509.95,-7856285.5997143295,46.46097365565855,43.39549706425485,NaN,NaN
2022-01-14T10:11:00-05:00,23.03,23.22,23.0175,23.06,43890,59777.55,-7881752.636751367,48.97735811849726,43.3543023718782,NaN,NaN
2022-01-14T10:12:00-05:00,23.07,23.095,23.005,23.0599,21276,57825.55,-7877071.916751367,48.97347275699999,43.04090725418188,NaN,NaN
2022-01-14T10:13:00-05:00,23.0598,23.1001,23.03,23.08,20019,56610,-7868533.142143666,49.83489980042792,43.123045352111035,NaN,NaN
2022-01-14T10:14:00-05:00,23.05,23.0888,22.97,23.03,58246,57169.65,-7867944.79870932,47.678621509939525,43.47266732159013,NaN,NaN
2022-01-14T10:15:00-05:00,23.05,23.3477,23.02,23.2597,97475,56242.8,-7822821.339752958,56.90399413474306,44.74956038528975,NaN,NaN
2022-01-14T10:16:00-05:00,23.25,23.38,23.2,23.36,62212,56203.85,-7774434.228641847,60.20367774363549,46.33774020982482,NaN,NaN
2022-01-14T10:17:00-05:00,23.3687,23.43,23.31,23.4,38375,54489.15,-7755246.728641848,61.47066015921337,48.20983216828697,NaN,NaN
2022-01-14T10:18:00-05:00,23.43,23.58,23.4,23.55,71386,55263.9,-7707656.061975179,65.86007083133592,50.2993857118308,NaN,NaN
2022-01-14T10:19:00-05:00,23.5418,23.74,23.5301,23.67,146532,62018.7,-7658858.602232441,68.91140909890396,52.20668936613681,NaN,NaN
2022-01-14T10:20:00-05:00,23.6699,23.72,23.5,23.55,86279,61509.2,-7705919.874959713,62.86088602589492,53.746611661481765,NaN,NaN
2022-01-14T10:21:00-05:00,23.53,23.6,23.4899,23.534,55394,61373.25,-7716938.300027833,62.07824138420081,55.27546138104979,NaN,NaN
2022-01-14T10:22:00-05:00,23.52,23.52,23.39,23.44,49970,58083.65,-7728469.838489371,57.545237809098815,55.88457676065552,NaN,NaN
2022-01-14T10:23:00-05:00,23.42,23.491,23.36,23.37,24169,56850.3,-7748948.9148252485,54.36180703191071,56.58009357574757,NaN,NaN
2022-01-14T10:24:00-05:00,23.38,23.38,23.2506,23.34,34663,55275.75,-7735715.899369298,53.0083690447627,57.047764674969294,NaN,NaN
2022-01-14T10:25:00-05:00,23.33,23.49,23.31,23.4296,51400,52846.8,-7718811.010480408,56.492392850903,57.58455287014113,NaN,NaN
2022-01-14T10:26:00-05:00,23.44,23.47,23.28,23.33,48333,53740.3,-7741705.589427778,51.88711213880854,57.79266996884174,NaN,NaN
2022-01-14T10:27:00-05:00,23.32,23.4,23.29,23.4,26444,50660.4,-7715261.589427778,54.68318752519484,58.138976234896525,NaN,NaN
2022-01-14T10:28:00-05:00,23.42,23.5,23.42,23.45,33506,50780.45,-7723638.089427779,56.62233256550662,58.7778127388656,NaN,NaN
2022-01-14T10:29:00-05:00,23.45,23.57,23.4,23.49,15886,50148.35,-7722703.618839544,58.164633725534316,58.86785842392212,NaN,NaN
2022-01-14T10:30:00-05:00,23.46,23.46,23.28,23.405,87700,53657.75,-7688598.063283988,53.78807640100169,58.409601185162565,NaN,NaN
2022-01-14T10:31:00-05:00,23.4,23.4,23.18,23.27,35837,53255.1,-7695113.881465807,47.65495935075253,57.42276541312964,NaN,NaN
2022-01-14T10:32:00-05:00,23.25,23.2666,23.17,23.195,53976,54890.1,-7721151.99326705,44.61158699523008,55.90501656769351,NaN,NaN
2022-01-14T10:33:00-05:00,23.17,23.21,23.13,23.21,36130,55695.65,-7685021.99326705,45.36311914687275,54.222995856834146,NaN,NaN
2022-01-14T10:34:00-05:00,23.22,23.38,23.2067,23.38,41183,54842.5,-7643838.99326705,53.1256945931648,53.527625040210566,NaN,NaN
2022-01-14T10:35:00-05:00,23.35,23.38,23.2704,23.37,30029,51470.2,-7619289.737792596,52.65181387764513,52.8543087897423,NaN,NaN
2022-01-14T10:36:00-05:00,23.36,23.3622,23.22,23.32,34137,50066.45,-7605414.079564748,50.23880774200497,52.332420927807036,NaN,NaN
2022-01-14T10:37:00-05:00,23.27,23.27,23.07,23.07,34247,49860.05,-7639661.079564748,40.295032730375844,51.327651334840255,NaN,NaN
2022-01-14T10:38:00-05:00,23.05,23.1298,22.9907,23.11,63420,49461.75,-7594295.946566905,42.264108847553565,50.56020417789675,NaN,NaN
2022-01-14T10:39:00-05:00,23.12,23.16,23.07,23.16,36195,43944.9,-7558100.946566905,44.71840681184231,49.719205175106694,NaN,NaN
2022-01-14T10:40:00-05:00,23.18,23.2,23.05,23.05,17446,40503.25,-7575546.946566905,40.626735796565754,48.91489257923221,NaN,NaN
2022-01-14T10:41:00-05:00,23.02,23.15,23.02,23.07,11791,38323.1,-7578267.946566905,41.67173376599757,47.98550302500383,NaN,NaN
2022-01-14T10:42:00-05:00,23.07,23.1,23.03,23.05,10248,36337,-7582659.946566905,40.89656540172724,46.86223394187673,NaN,NaN
2022-01-14T10:43:00-05:00,23.01,23.05,22.9299,22.94,44514,37354.25,-7619686.995692632,36.837786704934395,45.338887726119594,NaN,NaN
2022-01-14T10:44:00-05:00,22.9445,22.95,22.86,22.88,44053,37823.75,-7644160.884581521,34.80852789035646,43.98320568964493,NaN,NaN
2022-01-14T10:45:00-05:00,22.88,22.89,22.82,22.87,37812,37144.35,-7627955.7417243775,34.467735338377054,43.0412611173324,NaN,NaN
2022-01-14T10:46:00-05:00,22.8481,22.91,22.82,22.8525,43500,36902.7,-7640039.075057711,33.84328249256386,42.272096509999095,NaN,NaN
2022-01-14T10:47:00-05:00,22.8403,22.9074,22.828,22.8999,21490,36655,-7622608.898735293,37.163916302497974,41.68643916397233,NaN,NaN
2022-01-14T10:48:00-05:00,22.9,23.02,22.899,22.9,64279,38193.65,-7685825.435925378,37.17108124920197,40.54682392511784,NaN,NaN
2022-01-14T10:49:00-05:00,22.9,23.01,22.8,22.9928,71071,40952.9,-7626396.542592047,43.59837475913805,39.90014970236734,NaN,NaN
2022-01-14T10:50:00-05:00,23,23.0178,22.9,23,51726,39154.2,-7590302.50863619,44.076380402113216,39.459976320946495,NaN,NaN
2022-01-14T10:51:00-05:00,22.97,22.97,22.87,22.8799,16579,38191.3,-7603598.866636191,38.25268649377447,39.31409444690354,NaN,NaN
2022-01-14T10:52:00-05:00,22.86,22.86,22.79,22.8,36234,37304.2,-7629480.295207618,34.94470931070778,38.791280194271685,NaN,NaN
2022-01-14T10:53:00-05:00,22.79,22.81,22.731,22.78,61657,38580.55,-7614651.3964734385,34.148656131294786,38.03629800280401,NaN,NaN
2022-01-14T10:54:00-05:00,22.8,22.84,22.74,22.7999,51223,39082.55,-7604509.2424734365,35.71778723492811,37.68565881982988,NaN,NaN
2022-01-14T10:55:00-05:00,22.7897,22.87,22.76,22.82,71746,41168.4,-7597986.878837074,37.34183910829467,37.37638062999396,NaN,NaN
2022-01-14T10:56:00-05:00,22.8001,22.81,22.68,22.685,50692,41996.15,-7644779.49422169,31.57233849713829,36.71036442252332,NaN,NaN
2022-01-14T10:57:00-05:00,22.69,22.72,22.63,22.6695,55229,43045.25,-7651529.705332801,30.980486166633213,36.29198581264467,NaN,NaN
2022-01-14T10:58:00-05:00,22.655,22.7,22.6,22.6396,37983,41773.4,-7659430.1693328,29.81923211875514,35.93560754324458,NaN,NaN
2022-01-14T10:59:00-05:00,22.62,22.6299,22.55,22.6299,43939,42160.6,-7615491.1693328,29.433780136954965,35.57603931457157,NaN,NaN
2022-01-14T11:00:00-05:00,22.6121,22.73,22.585,22.704,84241,45500.35,-7561460.734850042,36.21663341224145,35.74556438026283,NaN,NaN
2022-01-14T11:01:00-05:00,22.7012,22.78,22.6799,22.75,57940,47807.8,-7538250.005579313,40.06786491927035,35.95298928146086,NaN,NaN
2022-01-14T11:02:00-05:00,22.7484,22.7484,22.52,22.545,75451,51067.95,-7597183.711358647,31.065586224630465,35.51688249399147,NaN,NaN
2022-01-14T11:03:00-05:00,22.53,22.53,22.38,22.45,163272,57005.85,-7608068.511358649,27.933484915372603,34.39796179086537,NaN,NaN
2022-01-14T11:04:00-05:00,22.46,22.4898,22.4,22.47,60345,57820.45,-7574334.4467706755,29.544001841108056,33.35993475079357,NaN,NaN
2022-01-14T11:05:00-05:00,22.4799,22.4799,22.3801,22.42,42867,58073.2,-7582925.027932998,27.867316329969526,32.61812259623607,NaN,NaN
2022-01-14T11:06:00-05:00,22.41,22.48,22.36,22.42,42423,58019.35,-7582925.027932997,27.867316329969526,32.112594526183344,NaN,NaN
2022-01-14T11:07:00-05:00,22.425,22.45,22.37,22.38,22160,58052.85,-7599545.027932998,26.473355302447132,31.564358752694226,NaN,NaN
2022-01-14T11:08:00-05:00,22.37,22.37,22.3,22.325,51759,57426.85,-7614333.313647286,24.64769811170703,30.773638101035573,NaN,NaN
2022-01-14T11:09:00-05:00,22.32,22.35,22.3015,22.33,31907,55468.65,-7608741.365193682,25.15302972358242,29.903008859270415,NaN,NaN
2022-01-14T11:10:00-05:00,22.31,22.35,22.265,22.28,42651,55014.9,-7636339.071076035,23.45880683069653,29.323470883096004,NaN,NaN
2022-01-14T11:11:00-05:00,22.28,22.4,22.28,22.3599,26877,55529.8,-7627424.8660760345,31.40951107692095,29.35411551954513,NaN,NaN
2022-01-14T11:12:00-05:00,22.3598,22.5,22.35,22.49,52917,56363.95,-7581563.466076036,41.97811053301705,30.22260683484955,NaN,NaN
2022-01-14T11:13:00-05:00,22.4996,22.56,22.4868,22.51,37735,55167.85,-7595379.0125241205,43.421366548414674,31.221720149953814,NaN,NaN
2022-01-14T11:14:00-05:00,22.53,22.56,22.405,22.419,34681,54340.75,-7623795.057685411,38.70396304457982,31.3993865522637,NaN,NaN
2022-01-14T11:15:00-05:00,22.4,22.4,22.3,22.32,34780,52492.45,-7644663.057685411,34.33377985862445,30.98980904793185,NaN,NaN
2022-01-14T11:16:00-05:00,22.3401,22.44,22.3201,22.3905,38881,51901.9,-7637885.635667063,39.5668664924507,31.59704335277615,NaN,NaN
2022-01-14T11:17:00-05:00,22.4,22.56,22.3997,22.56,74392,52860.05,-7563493.635667063,49.90368628654079,33.16634345071673,NaN,NaN
2022-01-14T11:18:00-05:00,22.54,22.5501,22.445,22.4599,48490,53385.4,-7598234.805981049,45.007623567066695,34.27088785971378,NaN,NaN
2022-01-14T11:19:00-05:00,22.4565,22.49,22.4,22.4299,17067,52041.8,-7603961.732647715,43.62617924636637,35.3965209251707,NaN,NaN
2022-01-14T11:20:00-05:00,22.43,22.45,22.4,22.4233,22114,48935.45,-7605465.484647714,43.31121948045895,36.49965686449137,NaN,NaN
2022-01-14T11:21:00-05:00,22.44,22.45,22.38,22.43,16406,46858.75,-7598434.341790571,43.75514108529192,37.73407013469457,NaN,NaN
2022-01-14T11:22:00-05:00,22.43,22.43,22.315,22.33,17746,43973.5,-7611550.950486224,38.863436233331385,38.74948000052488,NaN,NaN
2022-01-14T11:23:00-05:00,22.33,22.39,22.3001,22.39,22305,36925.15,-7589245.950486224,42.982294317027275,40.022998900056656,NaN,NaN
2022-01-14T11:24:00-05:00,22.4,22.47,22.39,22.46,53169,36566.35,-7549369.200486221,47.4319758565722,41.73536811619063,NaN,NaN
2022-01-14T11:25:00-05:00,22.45,22.61,22.45,22.61,70201,37933.05,-7479168.200486221,55.454341897879644,43.4528560319734,NaN,NaN
2022-01-14T11:26:00-05:00,22.605,22.65,22.5601,22.6198,27596,37191.7,-7470112.783356075,55.92756653952527,44.44924574672398,NaN,NaN
2022-01-14T11:27:00-05:00,22.6258,22.86,22.6258,22.82,80009,40084.15,-7417433.928531139,64.27661928031296,45.938906656145285,NaN,NaN
2022-01-14T11:28:00-05:00,22.815,22.8294,22.73,22.78,51587,40075.55,-7417122.538189086,61.759217360338496,47.58571053584234,NaN,NaN
2022-01-14T11:29:00-05:00,22.7701,22.79,22.67,22.74,38285,40394.45,-7410741.704855754,59.25976898975432,49.366138330923036,NaN,NaN
2022-01-14T11:30:00-05:00,22.74,22.76,22.58,22.58,62266,41375.2,-7473007.704855754,50.46236282903072,50.144388069250176,NaN,NaN
2022-01-14T11:31:00-05:00,22.56,22.66,22.54,22.66,38875,41975.1,-7434132.704855754,54.1291536056981,50.446207163475705,NaN,NaN
2022-01-14T11:32:00-05:00,22.6299,22.82,22.6299,22.76,54283,42043.4,-7414115.670137184,58.28568143143079,51.394639868073135,NaN,NaN
2022-01-14T11:33:00-05:00,22.775,22.775,22.67,22.7,24360,41374.65,-7424555.670137185,55.061791472183174,52.21146931277434,NaN,NaN
2022-01-14T11:34:00-05:00,22.709,22.71,22.6301,22.69,21158,40698.5,-7413989.91043756,54.5205241765844,53.01213393392616,NaN,NaN
2022-01-14T11:35:00-05:00,22.68,22.77,22.67,22.77,18159,39867.45,-7395830.91043756,58.07148289074414,54.03472977717274,NaN,NaN
2022-01-14T11:36:00-05:00,22.76,22.8,22.72,22.7999,44950,40170.9,-7350993.28543756,59.34900161266439,55.4979844471251,NaN,NaN
2022-01-14T11:37:00-05:00,22.8,22.86,22.75,22.83,36607,38281.65,-7334353.739983015,60.64885721468802,56.75988179695802,NaN,NaN
2022-01-14T11:38:00-05:00,22.85,22.85,22.77,22.77,27738,37244.05,-7362091.739983015,56.75317523389948,57.425681752481395,NaN,NaN
2022-01-14T11:39:00-05:00,22.765,22.78,22.72,22.74,39798,38380.6,-7375357.739983017,54.85586381493053,57.38293331798503,NaN,NaN
2022-01-14T11:40:00-05:00,22.72,22.75,22.6899,22.75,38567,39203.25,-7336790.739983017,55.39120709586268,57.344621929151984,NaN,NaN
2022-01-14T11:41:00-05:00,22.715,22.73,22.63,22.67,19269,39346.4,-7340644.5399830155,50.256690464051225,56.34319844227615,NaN,NaN
2022-01-14T11:42:00-05:00,22.66,22.67,22.59,22.67,23330,39625.6,-7317314.5399830155,50.256690464051225,55.52158937825563,NaN,NaN
2022-01-14T11:43:00-05:00,22.66,22.72,22.66,22.66,17105,39365.6,-7334419.5399830155,49.59029079878062,54.83091236461464,NaN,NaN
2022-01-14T11:44:00-05:00,22.66,22.79,22.65,22.76,23775,37895.9,-7320833.8256973,55.88926541346238,55.21854826350262,NaN,NaN
2022-01-14T11:45:00-05:00,22.7613,22.83,22.75,22.815,36846,36228.15,-7297805.075697297,58.92901727700517,55.561395668595985,NaN,NaN
2022-01-14T11:46:00-05:00,22.84,22.95,22.84,22.91,47097,37203.2,-7284960.4393336605,63.595546198225634,55.94067172336704,NaN,NaN
2022-01-14T11:47:00-05:00,22.9,22.91,22.8601,22.8601,17707,34088.1,-7302667.4393336605,59.754985475404524,56.27589986645428,NaN,NaN
2022-01-14T11:48:00-05:00,22.87,22.8898,22.8,22.8,18781,32447.8,-7321448.4393336605,55.41439196763199,56.33974756581482,NaN,NaN
2022-01-14T11:49:00-05:00,22.81,22.8117,22.71,22.7298,45823,32824.7,-7349428.855262863,50.77489075571858,55.81856241331299,NaN,NaN
2022-01-14T11:50:00-05:00,22.73,22.82,22.71,22.74,21062,30764.5,-7359002.491626501,51.411437807520926,55.25159357008845,NaN,NaN
2022-01-14T11:51:00-05:00,22.7074,22.7074,22.63,22.66,23541,29997.8,-7364294.654417198,46.349010628948186,54.23017595682132,NaN,NaN
2022-01-14T11:52:00-05:00,22.66,22.7,22.64,22.6899,21498,28358.55,-7350034.314417196,48.394335496357776,53.63311597556834,NaN,NaN
2022-01-14T11:53:00-05:00,22.67,22.73,22.67,22.695,14365,27858.8,-7352428.481083863,48.75320367902136,53.19721168014625,NaN,NaN
2022-01-14T11:54:00-05:00,22.6899,22.7,22.62,22.6505,26812,28141.5,-7358796.331083863,45.7628331591958,52.509470684670056,NaN,NaN
2022-01-14T11:55:00-05:00,22.6391,22.68,22.51,22.53,64242,30445.65,-7407922.566377981,38.819289848869566,51.69251349787136,NaN,NaN
2022-01-14T11:56:00-05:00,22.52,22.58,22.47,22.485,36380,30017.15,-7434380.748196162,36.58673542239419,50.716088137753005,NaN,NaN
2022-01-14T11:57:00-05:00,22.4739,22.53,22.45,22.477,42799,30326.75,-7448290.423196162,36.18827562033398,49.75880133929253,NaN,NaN
2022-01-14T11:58:00-05:00,22.465,22.52,22.455,22.4872,26116,30245.65,-7448531.493965391,37.12845315322075,48.418743320703854,NaN,NaN
2022-01-14T11:59:00-05:00,22.46,22.52,22.45,22.4699,21737,29342.6,-7457909.456822534,36.15545103329297,46.792060017581555,NaN,NaN
2022-01-14T12:00:00-05:00,22.41,22.43,22.36,22.375,72747,31051.6,-7499479.171108248,31.308448277828603,44.48583873755319,NaN,NaN
2022-01-14T12:01:00-05:00,22.38,22.47,22.38,22.445,71959,33686.1,-7467497.393330468,37.91950887490139,42.926161837517256,NaN,NaN
2022-01-14T12:02:00-05:00,22.45,22.4819,22.44,22.4819,25449,33792.05,-7442048.393330468,41.13563648783944,41.90625073181779,NaN,NaN
2022-01-14T12:03:00-05:00,22.4799,22.48,22.44,22.44,15734,33723.5,-7457782.393330468,38.68492477906507,41.042681733485395,NaN,NaN
2022-01-14T12:04:00-05:00,22.43,22.445,22.35,22.4,72100,36139.75,-7453987.656488366,36.45223290182001,39.97416709736391,NaN,NaN
2022-01-14T12:05:00-05:00,22.42,22.42,22.36,22.38,17830,35188.95,-7459930.9898217,35.3535441429961,39.188776634081606,NaN,NaN
2022-01-14T12:06:00-05:00,22.3801,22.43,22.38,22.38,23458,34007,-7483388.9898217,35.3535441429961,38.25729153741292,NaN,NaN
2022-01-14T12:07:00-05:00,22.39,22.4498,22.39,22.4259,8704,33556.85,-7481642.367748123,40.15456537553679,37.643103087164015,NaN,NaN
2022-01-14T12:08:00-05:00,22.43,22.5,22.4197,22.49,19272,33581.4,-7467170.367748124,46.16721356847669,37.671987402112656,NaN,NaN
2022-01-14T12:09:00-05:00,22.48,22.67,22.48,22.63,89510,35765.75,-7415348.788800757,56.45702767847231,38.93182581851285,NaN,NaN
2022-01-14T12:10:00-05:00,22.64,22.69,22.61,22.63,35809,36503.1,-7433253.288800758,56.45702767847231,40.351132408232715,NaN,NaN
2022-01-14T12:11:00-05:00,22.6001,22.61,22.575,22.605,14459,36049,-7422925.4316579,54.30722013812742,41.64534273093225,NaN,NaN
2022-01-14T12:12:00-05:00,22.61,22.675,22.61,22.66,10605,35504.35,-7417215.047042515,58.08836678227481,43.14247941872181,NaN,NaN
2022-01-14T12:13:00-05:00,22.67,22.75,22.67,22.74,39324,36752.3,-7387722.047042517,62.89773809031246,45.0526427799375,NaN,NaN
2022-01-14T12:14:00-05:00,22.74,22.75,22.6907,22.7202,23525,36587.95,-7387841.060533243,61.03108046590469,47.17568793622864,NaN,NaN
2022-01-14T12:15:00-05:00,22.73,22.76,22.65,22.665,16887,34220.2,-7400122.515078697,56.037975999705786,48.46986415942896,NaN,NaN
2022-01-14T12:16:00-05:00,22.675,22.73,22.67,22.68,32378,34020.1,-7421707.848412032,57.06589495136963,49.60773976396683,NaN,NaN
2022-01-14T12:17:00-05:00,22.69,22.7591,22.67,22.75,11089,32434.6,-7412883.941565792,61.58054282877306,51.24314105323169,NaN,NaN
2022-01-14T12:18:00-05:00,22.745,22.8395,22.73,22.759,23729,32315.25,-7424044.156177664,62.131888874385574,53.07740219412923,NaN,NaN
2022-01-14T12:19:00-05:00,22.7575,22.79,22.73,22.76,18523,32154.55,-7424044.156177663,62.196803676164244,54.994777875069815,NaN,NaN
2022-01-14T12:20:00-05:00,22.77,22.77,22.71,22.74,23539,29694.15,-7424044.156177664,59.98214518862393,56.753963664043226,NaN,NaN
2022-01-14T12:21:00-05:00,22.7268,22.7268,22.68,22.6901,9371,26564.75,-7429370.408314416,54.74451815612465,57.79610314837093,NaN,NaN
2022-01-14T12:22:00-05:00,22.701,22.73,22.65,22.65,21618,26373.2,-7450988.408314416,50.89821395684315,58.134031747539964,NaN,NaN
2022-01-14T12:23:00-05:00,22.65,22.65,22.6,22.6206,38016,27487.3,-7457679.224314417,48.223079744707334,57.54589260941389,NaN,NaN
2022-01-14T12:24:00-05:00,22.62,22.63,22.54,22.5684,39893,25876.95,-7472395.30875886,43.81938537223244,56.6432038732539,NaN,NaN
2022-01-14T12:25:00-05:00,22.56,22.57,22.511,22.56,59568,27963.85,-7433019.851131745,43.13672783131995,55.8453115656248,NaN,NaN
2022-01-14T12:26:00-05:00,22.56,22.6,22.55,22.58,12790,27430.45,-7430461.851131747,45.320931395834435,54.93335189516477,NaN,NaN
2022-01-14T12:27:00-05:00,22.58,22.62,22.5398,22.545,17229,27856.7,-7445456.6665930925,42.2615776145151,53.45934043260782,NaN,NaN
2022-01-14T12:28:00-05:00,22.56,22.59,22.55,22.5745,10221,27404.15,-7443156.941593092,45.595130162422386,52.35677255378765,NaN,NaN
2022-01-14T12:29:00-05:00,22.5777,22.6213,22.5658,22.5683,20120,23934.65,-7461464.328980478,45.006995506335215,51.568845375689754,NaN,NaN
2022-01-14T12:30:00-05:00,22.56,22.59,22.53,22.555,7964,22542.4,-7462791.662313812,43.704637254469716,50.61446982591119,NaN,NaN
2022-01-14T12:31:00-05:00,22.5598,22.5598,22.4901,22.52,14664,22552.65,-7464874.497320986,40.392190283325064,49.101016072664905,NaN,NaN
2022-01-14T12:32:00-05:00,22.53,22.53,22.4603,22.4799,22738,23159.3,-7474824.411237773,36.937930575723925,47.301447622760506,NaN,NaN
2022-01-14T12:33:00-05:00,22.48,22.48,22.35,22.37,48896,23637.9,-7508675.48816085,29.493631178804563,44.96550673009195,NaN,NaN
2022-01-14T12:34:00-05:00,22.365,22.41,22.34,22.37,23971,23660.2,-7512099.916732278,29.493631178804563,42.787755729390575,NaN,NaN
2022-01-14T12:35:00-05:00,22.39,22.43,22.38,22.3901,27362,24183.95,-7528407.668732276,32.384097104729875,41.19058279714809,NaN,NaN
2022-01-14T12:36:00-05:00,22.4,22.46,22.4,22.405,20656,23597.85,-7545621.002065608,34.52687649293277,40.02120154972592,NaN,NaN
2022-01-14T12:37:00-05:00,22.39,22.44,22.389,22.3949,36197,24853.25,-7573443.009908745,33.74619618596489,38.98713843838717,NaN,NaN
2022-01-14T12:38:00-05:00,22.4,22.41,22.32,22.3376,39510,25642.3,-7597500.209908747,29.650183856703563,37.97505261584939,NaN,NaN
2022-01-14T12:39:00-05:00,22.33,22.3799,22.27,22.33,40171,26724.7,-7593808.425559339,29.144891733467887,36.97563575171711,NaN,NaN
2022-01-14T12:40:00-05:00,22.31,22.34,22.29,22.29,13855,26240.5,-7607663.425559339,26.57767138007989,35.636831464877496,NaN,NaN
2022-01-14T12:41:00-05:00,22.28,22.32,22.27,22.275,19822,26763.05,-7623521.02555934,25.664708768183132,34.45134083299664,NaN,NaN
2022-01-14T12:42:00-05:00,22.2741,22.3,22.24,22.2791,54377,28401,-7607026.668892673,26.408822125294904,33.08089025891611,NaN,NaN
2022-01-14T12:43:00-05:00,22.275,22.33,22.275,22.2998,17889,27394.65,-7608783.043438126,30.20742960028126,32.023778408483686,NaN,NaN
2022-01-14T12:44:00-05:00,22.3,22.37,22.3,22.37,35715,27185.75,-7573068.043438126,41.277591539777866,31.85041800029141,NaN,NaN
2022-01-14T12:45:00-05:00,22.38,22.3895,22.275,22.29,35031,25958.9,-7598920.615490528,34.551675376592755,31.433238364096244,NaN,NaN
2022-01-14T12:46:00-05:00,22.295,22.295,22.21,22.2119,31354,26887.1,-7628872.907255234,29.498317295371706,30.90183741549966,NaN,NaN
2022-01-14T12:47:00-05:00,22.21,22.24,22.17,22.2391,50229,28537.1,-7579935.510112374,33.16455292518769,31.16404611166988,NaN,NaN
2022-01-14T12:48:00-05:00,22.24,22.24,22.18,22.21,24123,29232.2,-7579935.510112372,31.28984721619888,31.29234725719805,NaN,NaN
2022-01-14T12:49:00-05:00,22.2017,22.24,22.17,22.24,21800,29316.2,-7558135.510112372,35.34734479544116,31.504007806534567,NaN,NaN
2022-01-14T12:50:00-05:00,22.235,22.29,22.22,22.28,37051,30770.55,-7531670.51011237,40.40093714058189,31.923583567080932,NaN,NaN
2022-01-14T12:51:00-05:00,22.265,22.285,22.24,22.2799,5153,30295,-7527685.523445703,40.392436755778206,32.39831503635331,NaN,NaN
2022-01-14T12:52:00-05:00,22.29,22.318,22.26,22.29,24266,30371.4,-7526848.764825015,41.72604327959716,33.260876423702854,NaN,NaN
2022-01-14T12:53:00-05:00,22.29,22.31,22.26,22.2608,25386,29195.9,-7551422.412825017,39.008761561804945,33.96543855429836,NaN,NaN
2022-01-14T12:54:00-05:00,22.27,22.3004,22.27,22.295,15398,28767.25,-7541494.754930278,43.638317635408214,35.18405614396467,NaN,NaN
2022-01-14T12:55:00-05:00,22.3,22.37,22.29,22.321,55396,30168.95,-7553958.854930276,46.93596414583482,36.703431528082646,NaN,NaN
2022-01-14T12:56:00-05:00,22.33,22.3301,22.19,22.21,34222,30847.25,-7578410.119741126,36.98653590826897,37.458982512580796,NaN,NaN
2022-01-14T12:57:00-05:00,22.21,22.22,22.18,22.1999,14217,29748.25,-7578481.204741126,36.23389048312219,37.88944400421229,NaN,NaN
2022-01-14T12:58:00-05:00,22.2,22.2199,22.17,22.17,31489,29347.2,-7609970.204741126,34.02640749760239,37.37150228691404,NaN,NaN
2022-01-14T12:59:00-05:00,22.18,22.18,22.14,22.145,23264,28501.85,-7627418.204741127,32.256876353379795,37.20758807097025,NaN,NaN
2022-01-14T13:00:00-05:00,22.14,22.21,22.13,22.21,21817,28899.95,-7605601.204741127,40.8673576764359,38.019662383903416,NaN,NaN
2022-01-14T13:01:00-05:00,22.2265,22.29,22.2,22.2099,29605,29389.1,-7628693.104741125,40.85875331492541,38.56924812602754,NaN,NaN
2022-01-14T13:02:00-05:00,22.205,22.27,22.195,22.26,48142,29077.35,-7593388.97140779,46.89166771401355,39.68366387587144,NaN,NaN
2022-01-14T13:03:00-05:00,22.26,22.2621,22.2082,22.2115,22278,29296.8,-7612939.053040443,42.384230490780844,40.186298568395706,NaN,NaN
2022-01-14T13:04:00-05:00,22.2,22.2,22.13,22.1429,28385,28930.3,-7630862.153040442,36.97093751792891,39.94129859534906,NaN,NaN
2022-01-14T13:05:00-05:00,22.14,22.15,22.11,22.14,32467,28802.1,-7614628.653040439,36.75721103124295,39.68163961502511,NaN,NaN
2022-01-14T13:06:00-05:00,22.145,22.17,22.11,22.11,53467,29907.75,-7668095.653040439,34.533172527870946,39.16786313275895,NaN,NaN
2022-01-14T13:07:00-05:00,22.1,22.15,22.07,22.135,76346,31213.6,-7620379.403040434,37.904959305954534,39.08902011448392,NaN,NaN
2022-01-14T13:08:00-05:00,22.131,22.16,22.11,22.12,15791,30797,-7629854.003040433,36.68413538815625,38.592292811108784,NaN,NaN
2022-01-14T13:09:00-05:00,22.1199,22.14,22.1,22.11,20341,30724.05,-7640024.503040435,35.855047219713256,37.80079874495725,NaN,NaN
2022-01-14T13:10:00-05:00,22.1,22.1,22,22.02,93634,33553.2,-7696204.903040436,29.41220851539245,37.25977535975178,NaN,NaN
2022-01-14T13:11:00-05:00,22.02,22.03,21.98,22.028,71727,36881.9,-7630216.063040443,30.605871825411427,36.857774027058156,NaN,NaN
2022-01-14T13:12:00-05:00,22.02,22.125,22.02,22.06,45598,37948.5,-7641072.729707111,35.317628556353625,36.95000410268324,NaN,NaN
2022-01-14T13:13:00-05:00,22.065,22.09,22.06,22.07,12578,37308.1,-7645265.396373777,36.762631169103265,37.271843732377775,NaN,NaN
2022-01-14T13:14:00-05:00,22.075,22.15,22.0702,22.145,46102,38843.3,-7604940.5893562315,46.428906408649574,37.669097213250176,NaN,NaN
2022-01-14T13:15:00-05:00,22.14,22.16,22.11,22.14,18681,37007.55,-7601204.389356231,45.92491038799383,38.03096557561221,NaN,NaN
2022-01-14T13:16:00-05:00,22.1498,22.1785,22.14,22.14,14006,35996.75,-7615210.389356231,45.92491038799383,37.96191148089652,NaN,NaN
2022-01-14T13:17:00-05:00,22.14,22.16,22.11,22.1498,9669,35769.35,-7609486.341356232,47.22710241423888,38.30783090400066,NaN,NaN
2022-01-14T13:18:00-05:00,22.15,22.16,22.12,22.12,28244,35607.1,-7637730.341356232,43.77503581553653,38.79383792525835,NaN,NaN
2022-01-14T13:19:00-05:00,22.115,22.155,22.1098,22.12,15812,35234.5,-7646405.9519757,43.77503581553653,39.29511112413646,NaN,NaN
2022-01-14T13:20:00-05:00,22.1,22.16,22.08,22.1599,25758,35431.55,-7620712.3469757,49.506307479152404,40.36462076351371,NaN,NaN
2022-01-14T13:21:00-05:00,22.16,22.17,22.03,22.0307,20085,34955.55,-7640596.4969757,36.52350264219739,40.26594528753106,NaN,NaN
2022-01-14T13:22:00-05:00,22.04,22.065,22.02,22.02,31058,34101.35,-7671654.4969757,35.688773522055484,40.194848011381005,NaN,NaN
2022-01-14T13:23:00-05:00,22.025,22.05,21.95,21.97,94804,37727.65,-7728536.896975702,32.00751732251679,39.920024447295546,NaN,NaN
2022-01-14T13:24:00-05:00,21.967,21.97,21.89,21.94,84130,40514.9,-7707504.396975698,30.007515492753143,39.96254637424988,NaN,NaN
2022-01-14T13:25:00-05:00,21.94,21.97,21.94,21.97,29738,40378.45,-7677766.396975698,34.420488437576324,40.235018989404516,NaN,NaN
2022-01-14T13:26:00-05:00,21.95,21.96,21.92,21.93,18761,38643.15,-7687146.8969757,31.56301768639578,39.96683249869324,NaN,NaN
2022-01-14T13:27:00-05:00,21.93,21.93,21.86,21.8701,51597,37405.7,-7723854.476975698,27.836290213152665,39.329236716125344,NaN,NaN
2022-01-14T13:28:00-05:00,21.8801,21.93,21.8801,21.9,30447,38138.5,-7730017.096214175,32.143253767541424,38.30883295604618,NaN,NaN
2022-01-14T13:29:00-05:00,21.89,21.9015,21.8699,21.89,34825,38862.7,-7720539.4063407555,31.46683003756982,37.2761129310159,NaN,NaN
2022-01-14T13:30:00-05:00,21.887,21.97,21.87,21.96,49284,36645.2,-7681112.2063407535,40.850314908086226,36.91364182530822,NaN,NaN
2022-01-14T13:31:00-05:00,21.9599,22.08,21.9493,22.07,111137,38615.7,-7586981.633272655,51.97754408355581,37.25295908740228,NaN,NaN
2022-01-14T13:32:00-05:00,22.0601,22.08,22.02,22.075,45384,38605,-7549161.633272654,52.4157315943027,37.87015164302844,NaN,NaN
2022-01-14T13:33:00-05:00,22.0701,22.1,22.04,22.0499,27787,39365.45,-7567778.9232726535,49.95165658175623,38.311338840615555,NaN,NaN
2022-01-14T13:34:00-05:00,22.0399,22.07,22.01,22.0412,22698,38195.25,-7566871.0032726545,49.090231393337426,38.281619120200205,NaN,NaN
2022-01-14T13:35:00-05:00,22.05,22.09,22.02,22.02,44735,39497.95,-7611606.0032726545,46.964826458873404,39.02742796424849,NaN,NaN
2022-01-14T13:36:00-05:00,22.02,22.02,21.96,21.96,13086,39451.95,-7624692.0032726545,41.489779984794126,39.44178556872982,NaN,NaN
2022-01-14T13:37:00-05:00,21.95,22.009,21.94,21.99,25532,40245.1,-7613221.104721932,44.945680070951234,40.365940050760855,NaN,NaN
2022-01-14T13:38:00-05:00,21.979,21.99,21.92,21.9389,16245,39645.15,-7620693.804721932,40.552021691246324,41.119119064938936,NaN,NaN
2022-01-14T13:39:00-05:00,21.9422,22,21.9422,21.9896,17831,39746.1,-7609279.496763455,46.17415253807395,41.958666500688764,NaN,NaN
2022-01-14T13:40:00-05:00,21.995,22.04,21.9699,22.04,24273,39671.85,-7585006.496763455,51.122706073008956,43.35578709973256,NaN,NaN
2022-01-14T13:41:00-05:00,22.04,22.119,22.03,22.1,35793,40457.25,-7564495.901257835,56.27629473568491,45.387215994199146,NaN,NaN
2022-01-14T13:42:00-05:00,22.095,22.25,22.095,22.2,63124,42060.55,-7542097.062548158,63.234220757134196,47.607999350598625,NaN,NaN
2022-01-14T13:43:00-05:00,22.205,22.24,22.17,22.23,35897,39115.2,-7516456.348262442,65.0320126720338,50.005512395917485,NaN,NaN
2022-01-14T13:44:00-05:00,22.21,22.2994,22.21,22.2897,40069,36912.15,-7485082.410902263,68.3488412159682,51.969692846480484,NaN,NaN
2022-01-14T13:45:00-05:00,22.29,22.33,22.27,22.295,30715,36961,-7490201.577568927,68.63329226859493,53.15938914541185,NaN,NaN
2022-01-14T13:46:00-05:00,22.29,22.3995,22.29,22.39,47631,38404.5,-7450835.317294953,73.27036018025736,54.649005472980036,NaN,NaN
2022-01-14T13:47:00-05:00,22.3798,22.4485,22.37,22.447,39403,37794.8,-7412938.164428712,75.60103584609047,56.481103991861055,NaN,NaN
2022-01-14T13:48:00-05:00,22.4473,22.53,22.438,22.49,45511,38548,-7407001.947037409,77.21507692956811,58.49002153016324,NaN,NaN
2022-01-14T13:49:00-05:00,22.5,22.525,22.445,22.48,22243,37918.9,-7409782.322037408,75.95665791625036,60.56086663426159,NaN,NaN
2022-01-14T13:50:00-05:00,22.48,22.55,22.465,22.55,47750,37842.2,-7362032.322037408,78.58738391442236,63.2106954863779,NaN,NaN
2022-01-14T13:51:00-05:00,22.54,22.62,22.535,22.61,45242,34547.45,-7327435.498507998,80.55165459384821,65.75397938087055,NaN,NaN
2022-01-14T13:52:00-05:00,22.61,22.66,22.565,22.64,45849,34570.7,-7300891.340613261,81.46709442389805,68.67648457605995,NaN,NaN
2022-01-14T13:53:00-05:00,22.64,22.7696,22.64,22.73,38191,35090.9,-7286039.285057706,83.91343247072439,71.37214742839213,NaN,NaN
2022-01-14T13:54:00-05:00,22.735,22.83,22.725,22.795,52054,36558.7,-7268687.95172437,85.41121140562063,73.82132638072153,NaN,NaN
2022-01-14T13:55:00-05:00,22.803,22.803,22.68,22.7787,50629,36853.4,-7238063.580992662,83.31626434773045,75.75275278158195,NaN,NaN
2022-01-14T13:56:00-05:00,22.77,22.92,22.7415,22.8801,73392,39868.7,-7197482.122169135,85.67084599667147,77.3553688701203,NaN,NaN
2022-01-14T13:57:00-05:00,22.88,22.95,22.88,22.93,57783,41481.25,-7172717.9793119915,86.66800170200328,78.90079665797528,NaN,NaN
2022-01-14T13:58:00-05:00,22.93,22.93,22.87,22.89,34645,42401.25,-7184266.3126453245,81.75655814841396,79.85849072457854,NaN,NaN
2022-01-14T13:59:00-05:00,22.891,22.925,22.86,22.92,25074,42763.4,-7163049.851106863,82.55504219593873,80.85290143367453,NaN,NaN
2022-01-14T14:00:00-05:00,22.9,22.92,22.88,22.9001,27905,42945,-7162910.326106865,80.05211183860874,81.33731226641392,NaN,NaN
2022-01-14T14:01:00-05:00,22.89,22.92,22.88,22.9001,40440,43177.35,-7162708.126106869,80.05211183860874,81.65524626587948,NaN,NaN
2022-01-14T14:02:00-05:00,22.91,22.9706,22.91,22.9706,32635,41652.9,-7130073.126106869,82.26175081033836,82.01572297164878,NaN,NaN
2022-01-14T14:03:00-05:00,22.96,22.97,22.93,22.9304,27263,41221.2,-7156790.866106871,77.02256283131115,82.09185903701028,NaN,NaN
2022-01-14T14:04:00-05:00,22.94,22.9402,22.8001,22.84,65905,42513,-7185156.829704301,66.73019113180973,81.24491669539509,NaN,NaN
2022-01-14T14:05:00-05:00,22.85,22.87,22.76,22.79,39269,42940.7,-7203006.375158848,61.81041424085527,79.9062566701813,NaN,NaN
2022-01-14T14:06:00-05:00,22.81,22.811,22.76,22.78,24994,41808.85,-7208397.237903946,60.844236201321586,78.4331953685687,NaN,NaN
2022-01-14T14:07:00-05:00,22.77,22.77,22.71,22.73,17327,40705.05,-7214172.904570613,56.12063953803585,76.44799587337668,NaN,NaN
2022-01-14T14:08:00-05:00,22.73,22.8099,22.72,22.77,27473,39803.15,-7211086.394003316,58.871513911868306,74.5523031952515,NaN,NaN
2022-01-14T14:09:00-05:00,22.76,22.8084,22.73,22.73,11750,39278.5,-7222836.394003316,55.14822537224265,72.54030041128809,NaN,NaN
2022-01-14T14:10:00-05:00,22.71,22.71,22.62,22.6309,42964,39039.2,-7255393.5584477605,47.18602300939222,69.79138448362528,NaN,NaN
2022-01-14T14:11:00-05:00,22.637,22.637,22.53,22.55,43726,38963.4,-7282773.390223462,41.87133225469858,66.59162238024638,NaN,NaN
2022-01-14T14:12:00-05:00,22.55,22.6287,22.545,22.5799,22928,37817.35,-7286581.0270215515,44.36544781007772,63.920828784650936,NaN,NaN
2022-01-14T14:13:00-05:00,22.58,22.6698,22.58,22.665,14321,36623.85,-7273791.002522665,50.8317238294994,61.65487747276241,NaN,NaN
2022-01-14T14:14:00-05:00,22.67,22.817,22.67,22.817,45202,36281.25,-7228589.002522665,59.815635241431984,60.20941485867836,NaN,NaN
2022-01-14T14:15:00-05:00,22.8193,22.8599,22.78,22.815,27092,35104.4,-7231945.833561463,59.661165541426804,58.75291869459393,NaN,NaN
2022-01-14T14:16:00-05:00,22.81,22.9,22.81,22.83,26159,32742.75,-7246478.611339241,60.48536533528321,57.19746258923284,NaN,NaN
2022-01-14T14:17:00-05:00,22.85,22.92,22.84,22.9,19120,30809.6,-7236918.611339242,64.16502556749288,56.27906707038868,NaN,NaN
2022-01-14T14:18:00-05:00,22.915,22.94,22.9,22.9321,25484,30351.55,-7221500.791339246,65.74053844406828,56.20837759269286,NaN,NaN
2022-01-14T14:19:00-05:00,22.9399,22.98,22.9112,22.93,34690,30832.35,-7237232.3029671535,65.53753476683285,56.474600487405546,NaN,NaN
2022-01-14T14:20:00-05:00,22.96,23.04,22.945,23,87172,33795.7,-7223468.302967153,68.97647921213513,57.055474988177934,NaN,NaN
2022-01-14T14:21:00-05:00,23.015,23.015,22.9481,22.9481,28802,33213.8,-7252270.302967153,63.886218758140956,57.610159218185444,NaN,NaN
2022-01-14T14:22:00-05:00,22.9481,23.03,22.945,23.0087,41253,33644.7,-7231692.335908329,66.9528589642193,58.18739815049623,NaN,NaN
2022-01-14T14:23:00-05:00,23.01,23.04,22.97,23.005,20355,33299.3,-7231692.335908329,66.5811058207484,59.004032468246635,NaN,NaN
2022-01-14T14:24:00-05:00,23.005,23.05,23.005,23.0497,38479,31928,-7193726.389241661,68.83262780873646,60.55021852534265,NaN,NaN
2022-01-14T14:25:00-05:00,23.055,23.08,22.96,22.97,44340,32181.55,-7230676.389241662,60.948034392759595,61.91284010663272,NaN,NaN
2022-01-14T14:26:00-05:00,22.971,22.9901,22.925,22.9799,26122,32237.95,-7212740.085094197,61.537400480358194,63.1394081545099,NaN,NaN
2022-01-14T14:27:00-05:00,22.985,22.99,22.94,22.962,17526,32247.9,-7214843.205094197,59.78066840529336,63.77861848135233,NaN,NaN
2022-01-14T14:28:00-05:00,22.975,23.11,22.975,23.1,58634,33805.95,-7164895.723612714,67.48680599242803,64.32655924928062,NaN,NaN
2022-01-14T14:29:00-05:00,23.103,23.1768,23.0901,23.11,46969,35566.9,-7190303.4064270165,67.96579055621756,64.9197467503371,NaN,NaN
2022-01-14T14:30:00-05:00,23.1062,23.175,23.1,23.14,22126,34525,-7188828.33976035,69.42120982103918,65.55802135646252,NaN,NaN
2022-01-14T14:31:00-05:00,23.16,23.26,23.16,23.235,34995,34088.45,-7171330.839760351,73.52346188041528,66.22648109309984,NaN,NaN
2022-01-14T14:32:00-05:00,23.225,23.2999,23.22,23.2889,36157,34749.9,-7145129.459284755,75.52931023761755,66.92567907835335,NaN,NaN
2022-01-14T14:33:00-05:00,23.2899,23.3499,23.26,23.26,20918,35079.75,-7166047.459284755,72.3637420303942,67.41326531146488,NaN,NaN
2022-01-14T14:34:00-05:00,23.26,23.3591,23.26,23.3591,30930,34366.15,-7135117.459284755,76.06781108395589,67.91978901659493,NaN,NaN
2022-01-14T14:35:00-05:00,23.36,23.5,23.35,23.5,76104,36816.75,-7059013.459284755,80.14290461069447,69.0809808632059,NaN,NaN
2022-01-14T14:36:00-05:00,23.49,23.61,23.49,23.605,61389,38578.25,-7002740.2092847545,82.53019961946244,70.19364805286612,NaN,NaN
2022-01-14T14:37:00-05:00,23.6099,23.6155,23.5102,23.5301,48584,40051.45,-7032961.025998904,75.55243911043732,70.83445757355818,NaN,NaN
2022-01-14T14:38:00-05:00,23.54,23.665,23.54,23.665,78042,42679.35,-6954919.025998904,78.99676455580524,71.56046734120596,NaN,NaN
2022-01-14T14:39:00-05:00,23.6665,23.68,23.56,23.5799,70748,44482.25,-7002202.272665571,72.09621900975318,72.3567662424198,NaN,NaN
2022-01-14T14:40:00-05:00,23.5701,23.5701,23.485,23.57,79518,44099.55,-6922871.15398167,71.31576025522563,73.05522051205318,NaN,NaN
2022-01-14T14:41:00-05:00,23.565,23.7,23.565,23.6746,38015,44560.2,-6899161.057685372,74.46144348490813,74.10384730345423,NaN,NaN
2022-01-14T14:42:00-05:00,23.66,23.68,23.615,23.66,29623,43978.7,-6887767.59614691,73.25388503709826,74.51578152093067,NaN,NaN
2022-01-14T14:43:00-05:00,23.65,23.68,23.57,23.57,42571,45089.5,-6930338.59614691,66.13395772518008,74.38493631871371,NaN,NaN
2022-01-14T14:44:00-05:00,23.575,23.5901,23.46,23.5,75522,46941.65,-6959421.241804098,61.15522640872838,73.79450893212008,NaN,NaN
2022-01-14T14:45:00-05:00,23.5,23.575,23.5,23.56,30077,46228.5,-6941375.0418040985,63.679214504385534,73.09134840526082,NaN,NaN
2022-01-14T14:46:00-05:00,23.56,23.74,23.56,23.73,82093,49027.05,-6868403.486248542,69.68875004553298,72.67416553439763,NaN,NaN
2022-01-14T14:47:00-05:00,23.74,23.82,23.72,23.7999,74488,51875.15,-6823859.662248541,71.75791613247948,72.63089225597516,NaN,NaN
2022-01-14T14:48:00-05:00,23.79,23.795,23.74,23.78,44781,51182.5,-6803504.66224854,70.28686999577452,72.21796789253362,NaN,NaN
2022-01-14T14:49:00-05:00,23.7892,23.8096,23.76,23.7825,32962,50482.15,-6806561.621925961,70.36905141672504,71.51983552153581,NaN,NaN
2022-01-14T14:50:00-05:00,23.7898,23.83,23.78,23.8299,31269,50939.3,-6775417.697925961,71.95297788547603,70.76431968339394,NaN,NaN
2022-01-14T14:51:00-05:00,23.8199,23.85,23.799,23.82,61927,52285.9,-6786345.992043608,71.0981293501086,70.4461547005133,NaN,NaN
2022-01-14T14:52:00-05:00,23.8202,23.8445,23.76,23.785,32794,52117.75,-6799735.258315798,68.0213037241719,69.66219321253949,NaN,NaN
2022-01-14T14:53:00-05:00,23.81,23.84,23.7701,23.82,44286,53286.15,-6780791.747586183,69.44529550005396,69.47284153327526,NaN,NaN
2022-01-14T14:54:00-05:00,23.808,23.82,23.7899,23.805,36661,53572.7,-6780669.950243991,68.04679602953054,69.23934408858275,NaN,NaN
2022-01-14T14:55:00-05:00,23.81,23.94,23.795,23.9282,39173,51726.15,-6747872.693692267,72.87790507057761,69.12623420184487,NaN,NaN
2022-01-14T14:56:00-05:00,23.94,23.995,23.898,23.995,51048,51209.1,-6696824.693692267,75.0781132942773,69.2565362202148,NaN,NaN
2022-01-14T14:57:00-05:00,23.99,24.08,23.97,24.05,81024,52831.1,-6659995.602783172,76.75045823231432,70.01485768501009,NaN,NaN
2022-01-14T14:58:00-05:00,24.04,24.09,23.975,24.0096,40719,50964.95,-6676212.387131,72.8817405589906,70.85246583860025,NaN,NaN
2022-01-14T14:59:00-05:00,23.9902,24.01,23.87,23.8848,63299,50592.5,-6726128.169988145,62.4153822471754,70.76219210594239,NaN,NaN
2022-01-14T15:00:00-05:00,23.9113,24.0193,23.91,24.01,36881,48460.65,-6695523.351140935,67.4634260031851,70.60324038863182,NaN,NaN
2022-01-14T15:01:00-05:00,24.02,24.1008,23.972,24.1,41464,48633.1,-6654574.431886275,70.52784233825189,70.51537797475842,NaN,NaN
2022-01-14T15:02:00-05:00,24.11,24.13,24.0301,24.05,41288,49216.35,-6679413.358813202,66.76564825591905,70.26386213619732,NaN,NaN
2022-01-14T15:03:00-05:00,24.051,24.12,24,24.12,37222,48948.9,-6642191.358813202,69.23956874402054,70.1831848024327,NaN,NaN
2022-01-14T15:04:00-05:00,24.1269,24.19,24.09,24.185,48174,47581.5,-6598834.758813204,71.37069568884141,70.1415932169588,NaN,NaN
2022-01-14T15:05:00-05:00,24.185,24.27,24.175,24.27,39009,48028.1,-6559825.758813204,73.91568834326658,70.3428474307558,NaN,NaN
2022-01-14T15:06:00-05:00,24.2699,24.2699,24.17,24.1702,57728,46809.85,-6617322.615670062,66.44695241894078,70.23039376609644,NaN,NaN
2022-01-14T15:07:00-05:00,24.18,24.21,24.02,24.0201,65092,46340.05,-6682346.097775325,57.10163870840029,69.34870399526402,NaN,NaN
2022-01-14T15:08:00-05:00,24.023,24.09,23.93,24.09,66651,47433.55,-6615695.097775325,59.928081016686676,68.7687957800609,NaN,NaN
2022-01-14T15:09:00-05:00,24.1,24.13,24.05,24.07,43146,47942.75,-6637268.097775325,58.73563535731218,67.7586336576848,NaN,NaN
2022-01-14T15:10:00-05:00,24.0511,24.065,23.93,23.96,60259,49392.25,-6670745.319997546,52.54306433536307,66.14898730347663,NaN,NaN
2022-01-14T15:11:00-05:00,23.955,24.08,23.945,24.08,44793,48535.55,-6625952.319997546,57.77339059681489,64.79348247236953,NaN,NaN
2022-01-14T15:12:00-05:00,24.08,24.22,24.08,24.19,63941,50092.9,-6589414.60571183,61.91680685896985,64.01027292236805,NaN,NaN
2022-01-14T15:13:00-05:00,24.185,24.239,24.14,24.19,60897,50923.45,-6588799.484499708,61.91680685896985,63.97466039463908,NaN,NaN
2022-01-14T15:14:00-05:00,24.18,24.2799,24.18,24.191,39103,51045.55,-6619291.213228437,61.956164886712,63.58128460060529,NaN,NaN
2022-01-14T15:15:00-05:00,24.2,24.3898,24.1775,24.37,46334,51403.6,-6581599.8246274,68.27624124220128,63.42045595088739,NaN,NaN
2022-01-14T15:16:00-05:00,24.3615,24.52,24.32,24.52,85754,53138.9,-6495845.8246274,72.41221503413323,63.82378214933125,NaN,NaN
2022-01-14T15:17:00-05:00,24.51,24.62,24.46,24.5723,77032,52939.3,-6464744.154627402,73.6997191861463,64.1423643237688,NaN,NaN
2022-01-14T15:18:00-05:00,24.58,24.6999,24.58,24.64,110208,56413.75,-6464652.238030235,75.30625505828044,64.42347570730017,NaN,NaN
2022-01-14T15:19:00-05:00,24.64,24.641,24.5405,24.585,57017,56099.65,-6471176.571363567,71.48585484321954,64.24991617158251,NaN,NaN
2022-01-14T15:20:00-05:00,24.5799,24.67,24.55,24.66,44470,56479.1,-6434118.238030235,73.4628912693549,64.75105466089782,NaN,NaN
2022-01-14T15:21:00-05:00,24.67,24.67,24.59,24.63,70970,57954.4,-6434118.238030238,71.33237110009614,65.76753554601895,NaN,NaN
2022-01-14T15:22:00-05:00,24.62,24.72,24.6101,24.7199,48392,58309.6,-6385814.303544342,73.7858200708763,66.75737404988963,NaN,NaN
2022-01-14T15:23:00-05:00,24.7199,24.7199,24.64,24.7099,28836,57890.3,-6364196.3260725,73.03704147731352,67.77890305846115,NaN,NaN
2022-01-14T15:24:00-05:00,24.71,24.8,24.71,24.795,82985,59630.85,-6290431.881628054,75.3312935469857,69.4066337164342,NaN,NaN
2022-01-14T15:25:00-05:00,24.79,24.8188,24.73,24.78,46153,59988.05,-6284610.782528954,74.1339002565856,70.57524154927496,NaN,NaN
2022-01-14T15:26:00-05:00,24.79,24.83,24.78,24.83,25865,58394.9,-6258745.782528954,75.5301287853855,71.54762168687608,NaN,NaN
2022-01-14T15:27:00-05:00,24.8,24.85,24.7606,24.845,39697,57125.15,-6223489.1628421545,75.94955409189606,72.54996077494224,NaN,NaN
2022-01-14T15:28:00-05:00,24.84,24.925,24.84,24.9099,50090,56297.1,-6191195.845195096,77.7283019799602,73.67654199588854,NaN,NaN
2022-01-14T15:29:00-05:00,24.9,24.9,24.78,24.8399,102792,59279.4,-6191367.165195095,71.57914216334125,73.91246349025566,NaN,NaN
2022-01-14T15:30:00-05:00,24.85,24.9497,24.8,24.94,54778,59005.35,-6143687.984166371,74.66564811909606,74.07342299632445,NaN,NaN
2022-01-14T15:31:00-05:00,24.95,24.98,24.92,24.9795,61024,59816.9,-6083681.050833035,75.78326567664224,74.22224774564559,NaN,NaN
2022-01-14T15:32:00-05:00,24.98,25.09,24.92,25.07,87706,61005.15,-6016611.756715388,78.16045203570424,74.42611895831871,NaN,NaN
2022-01-14T15:33:00-05:00,25.08,25.1,24.97,24.995,147561,65338.35,-6107418.525946153,71.86452642751394,74.45316692862545,NaN,NaN
2022-01-14T15:34:00-05:00,24.99,24.99,24.81,24.88,77808,67273.6,-6124709.192612819,63.427809137121045,73.7363753477516,NaN,NaN
2022-01-14T15:35:00-05:00,24.88,24.9,24.845,24.8641,31874,66550.6,-6134445.250794635,62.338134857960014,73.09392990188474,NaN,NaN
2022-01-14T15:36:00-05:00,24.86,24.99,24.85,24.985,34136,63969.7,-6102747.536508921,66.98295639668055,72.60801106801361,NaN,NaN
2022-01-14T15:37:00-05:00,24.9885,25.039,24.8599,24.91,47312,62483.7,-6123590.176374917,61.88417426949789,71.81137769602678,NaN,NaN
2022-01-14T15:38:00-05:00,24.93,25.05,24.9282,25.035,75205,60733.55,-6066908.575389696,66.46583635527526,71.17813075376175,NaN,NaN
2022-01-14T15:39:00-05:00,25.055,25.09,25.02,25.03,55289,60647.15,-6106400.718246837,66.123448860201,70.60595565402,NaN,NaN
2022-01-14T15:40:00-05:00,25.035,25.065,24.98,25.0499,37820,60314.65,-6082017.941776249,66.8552645777252,69.98632249632996,NaN,NaN
2022-01-14T15:41:00-05:00,25.06,25.102,24.95,25.06,84435,60987.9,-6044244.389144671,67.24205188541768,69.36435805301008,NaN,NaN
2022-01-14T15:42:00-05:00,25.05,25.1499,25.05,25.12,61016,61619.1,-6019752.481236761,69.51777237439852,68.77789165261281,NaN,NaN
2022-01-14T15:43:00-05:00,25.115,25.17,25.09,25.131,50730,62713.8,-6018484.231236762,69.93021043487545,68.66011081486525,NaN,NaN
2022-01-14T15:44:00-05:00,25.13,25.19,25.125,25.155,37250,60427.05,-6021349.615852146,70.85672784794005,68.38804508121125,NaN,NaN
2022-01-14T15:45:00-05:00,25.1614,25.1799,25.12,25.15,46368,60437.8,-6021272.206837124,70.37025815675081,68.00140168693329,NaN,NaN
2022-01-14T15:46:00-05:00,25.1599,25.1599,24.95,24.96,126078,65448.45,-6135337.057718495,54.93560467677597,66.34248401843841,NaN,NaN
2022-01-14T15:47:00-05:00,24.97,24.97,24.8601,24.875,70411,66984.15,-6186655.721048794,49.685287342856874,64.75825265524863,NaN,NaN
2022-01-14T15:48:00-05:00,24.87,24.9199,24.85,24.8593,24180,65688.65,-6204401.557958665,48.758359056407464,63.71043479234051,NaN,NaN
2022-01-14T15:49:00-05:00,24.86,24.92,24.83,24.91,32360,62167.05,-6179232.669069777,51.88036445216195,62.96345119192637,NaN,NaN
2022-01-14T15:50:00-05:00,24.91,25.23,24.91,25.1299,102592,64557.75,-6140824.789069778,62.540725917170825,62.64614901481853,NaN,NaN
2022-01-14T15:51:00-05:00,25.14,25.1502,25.06,25.12,42848,63648.95,-6126668.797938958,61.8761152770771,62.64557337250277,NaN,NaN
2022-01-14T15:52:00-05:00,25.11,25.17,25.085,25.16,25768,60552.05,-6106963.856762488,63.5610374883889,62.43808773915373,NaN,NaN
2022-01-14T15:53:00-05:00,25.155,25.25,25.15,25.24,39076,55127.8,-6075703.0567624895,66.72822220913758,62.48128583550635,NaN,NaN
2022-01-14T15:54:00-05:00,25.25,25.3799,25.181,25.37,84244,55449.6,-5999845.337305474,71.1208977638714,62.78597392023108,NaN,NaN
2022-01-14T15:55:00-05:00,25.37,25.38,25.265,25.3101,85419,58126.85,-6018266.130348954,66.74809253981189,62.75069110983066,NaN,NaN
2022-01-14T15:56:00-05:00,25.31,25.36,25.2406,25.3401,68836,59861.85,-5972375.463682287,67.81540140266762,62.62909318327845,NaN,NaN
2022-01-14T15:57:00-05:00,25.35,25.38,25.31,25.325,59305,60461.5,-6006264.035110858,66.65568677243336,62.39519863596116,NaN,NaN
2022-01-14T15:58:00-05:00,25.32,25.35,25.31,25.34,67785,60090.5,-5972371.535110861,67.2547465361067,62.13791425654449,NaN,NaN
2022-01-14T15:59:00-05:00,25.3495,25.35,25.23,25.24,109171,62784.6,-6063347.368444198,59.570942668762356,61.36653457883103,NaN,NaN