time,open,high,low,close,Volume,Volume MA,Accumulation/Distribution,RSI,RSI-based MA,Upper Bollinger Band,Lower Bollinger Band
2022-01-14T09:30:00-05:00,448.11,451,448.11,451,1350,3777.7,21589.89797,27.68366337,45.07028751,NaN,NaN
2022-01-14T09:31:00-05:00,450.16,454.25,450.16,453.145,7322,4089.9,24955.51167,41.73145482,44.75336416,NaN,NaN
2022-01-14T09:32:00-05:00,453.12,453.12,451.95,451.95,336,4081.7,24619.51167,37.37549488,44.14008864,NaN,NaN
2022-01-14T09:33:00-05:00,452.075,454.0299,451.01,452.8247,854,4104.4,24791.87267,42.13652337,43.77744782,NaN,NaN
2022-01-14T09:34:00-05:00,451,451,445.64,445.64,2040,4117.8,22751.87267,25.19377372,42.49450015,NaN,NaN
2022-01-14T09:35:00-05:00,446.12,449.19,444.54,448.56,4147,4100.8,25775.16945,36.38863694,42.29399133,NaN,NaN
2022-01-14T09:36:00-05:00,448.56,449.62,448.56,449.62,300,4065.8,26075.16945,39.9044904,41.98486637,NaN,NaN
2022-01-14T09:37:00-05:00,448.56,448.98,448.23,448.66,1432,4083.25,26285.19611,37.86338446,41.72021492,NaN,NaN
2022-01-14T09:38:00-05:00,449.75,450.8,448.24,450.8,940,4015.15,27225.19611,44.65884952,41.99791077,NaN,NaN
2022-01-14T09:39:00-05:00,448.77,449.04,448.77,449.04,300,3977.95,27525.19611,40.71508883,42.07007406,NaN,NaN
2022-01-14T09:40:00-05:00,448.57,450.47,448.57,450.015,4450,4038.5,29843.88032,43.68214494,41.50413632,NaN,NaN
2022-01-14T09:42:00-05:00,450.69,452.077,448.61,449.8,1784,3954.25,29284.54718,43.16907934,40.7499075,NaN,NaN
2022-01-14T09:43:00-05:00,448.59,448.59,446.345,448.18,2825,4005.3,31077.69863,39.41272426,39.72100663,NaN,NaN
2022-01-14T09:44:00-05:00,448.55,450.83,446.61,450.83,1538,3992,32615.69863,47.46563494,39.09863884,NaN,NaN
2022-01-14T09:45:00-05:00,448.31,451.8791,448.31,451.45,3346,3959.2,35157.14364,49.16794863,40.63323065,NaN,NaN
2022-01-14T09:46:00-05:00,451.6073,451.6073,449.32,450.82,2101,3829.8,35811.79441,47.48419431,41.04414061,NaN,NaN
2022-01-14T09:47:00-05:00,450.855,451.83,449.86,449.86,1400,3754.6,34411.79441,44.95771235,41.58572757,NaN,NaN
2022-01-14T09:48:00-05:00,448.9,448.9,445.6424,447.02,1300,3371.2,34211.30325,38.44144846,41.32179365,NaN,NaN
2022-01-14T09:49:00-05:00,446.39,447.495,446.39,447.495,300,2982.1,34511.30325,40.00765928,42.37992833,NaN,NaN
2022-01-14T09:50:00-05:00,446.99,446.99,446.25,446.25,200,1913.25,34311.30325,37.32697857,42.44695273,NaN,NaN
2022-01-14T09:51:00-05:00,448.23,448.23,446.3205,448.095,850,1888.25,35041.11472,43.38140161,42.69530353,NaN,NaN
2022-01-14T09:52:00-05:00,447.78,447.78,446.5,446.5,300,1537.15,34741.11472,39.80173081,42.83375684,NaN,NaN
2022-01-14T09:53:00-05:00,447.6599,447.6599,446.18,446.18,300,1535.35,34441.11472,39.10455733,42.43702169,NaN,NaN
2022-01-14T09:54:00-05:00,446.895,446.895,446.895,446.895,100,1497.65,34441.11472,41.56739014,42.49790035,NaN,NaN
2022-01-14T09:55:00-05:00,447.51,449.93,447.51,449.93,586,1424.95,35027.11472,50.68474324,42.99808595,NaN,NaN
2022-01-14T09:56:00-05:00,451.0399,451.0399,450.165,450.165,200,1227.6,34827.11472,51.31813808,43.58016157,NaN,NaN
2022-01-14T09:57:00-05:00,449.29,449.29,448.74,449.29,751,1250.15,35578.11472,48.80463641,44.25101244,NaN,NaN
2022-01-14T09:58:00-05:00,450.34,450.3799,449.06,450.3799,550,1206.05,36128.11472,51.9608534,44.57209947,NaN,NaN
2022-01-14T09:59:00-05:00,450.37,450.37,450.37,450.37,354,1176.75,36128.11472,51.92953613,44.76935572,NaN,NaN
2022-01-14T10:00:00-05:00,450.23,450.28,448.24,448.24,1300,1226.75,34828.11472,45.56626872,44.63236104,NaN,NaN
2022-01-14T10:01:00-05:00,448.83,448.83,447.8601,448.82,1250,1066.75,36052.33887,47.45441248,44.81069676,NaN,NaN
2022-01-14T10:02:00-05:00,447.88,448.08,446.54,446.54,2100,1082.55,33952.33887,41.378235,45.02046723,NaN,NaN
2022-01-14T10:04:00-05:00,447.355,447.355,446.51,447.335,800,981.3,34714.46905,44.06750855,45.31045646,NaN,NaN
2022-01-14T10:05:00-05:00,447.94,449.01,447.94,448.68,672,938,34971.96437,48.3818853,46.10009265,NaN,NaN
2022-01-14T10:06:00-05:00,448.915,450.005,448.91,450.005,1872,864.3,36843.96437,52.28646068,46.7361683,NaN,NaN
2022-01-14T10:07:00-05:00,450.37,451.44,449.61,450.635,8156,1167.05,37824.4671,54.06563597,47.75501867,NaN,NaN
2022-01-14T10:08:00-05:00,450.635,452.14,450.33,451.92,12516,1722.85,47297.90357,57.543174,49.07206272,NaN,NaN
2022-01-14T10:09:00-05:00,452.005,452.005,452,452,200,1667.85,47097.90357,57.75758864,50.22850547,NaN,NaN
2022-01-14T10:10:00-05:00,451.07,451.07,450.4825,450.4825,937,1699.7,46160.90357,52.35627904,50.34790088,NaN,NaN
2022-01-14T10:11:00-05:00,450.815,451.65,450.81,451.65,1500,1764.7,47660.90357,55.78236607,50.66677431,NaN,NaN
2022-01-14T10:13:00-05:00,451.185,452.7799,451.185,451.47,5204,1982.4,44316.75685,55.12420026,51.11817173,NaN,NaN
2022-01-14T10:14:00-05:00,451.18,451.21,449.7805,450.665,10400,2487.4,46786.71138,52.16015184,51.13240733,NaN,NaN
2022-01-14T10:15:00-05:00,450.66,453.5999,450.33,453.5999,3119,2628.35,49905.71138,60.49943009,51.74454262,NaN,NaN
2022-01-14T10:16:00-05:00,452.8,452.8,452.17,452.17,400,2643.35,49505.71138,55.42977055,52.44907846,NaN,NaN
2022-01-14T10:17:00-05:00,451.86,452.16,451.86,451.92,300,2629.05,49325.71138,54.56879484,52.95724863,NaN,NaN
2022-01-14T10:18:00-05:00,451.87,451.87,451.87,451.87,300,2634.05,49325.71138,54.38684305,53.88643492,NaN,NaN
2022-01-14T10:19:00-05:00,452.05,453.17,452.05,453.17,200,2606.5,49525.71138,58.28174189,54.9017373,NaN,NaN
2022-01-14T10:20:00-05:00,453.36,453.36,451.28,451.745,1904,2674.2,48473.01907,52.9448772,55.22766529,NaN,NaN
2022-01-14T10:21:00-05:00,452.1019,452.1019,451.275,451.275,1771,2745.05,46702.01907,51.27707482,55.1555663,NaN,NaN
2022-01-14T10:22:00-05:00,450.3901,450.73,449.02,450,1700,2765.05,46950.55708,46.95584546,54.64772413,NaN,NaN
2022-01-14T10:23:00-05:00,450,450,449.99,449.99,200,2712.55,46750.55708,46.92244602,53.8891007,NaN,NaN
2022-01-14T10:24:00-05:00,450.015,450.015,450.015,450.015,100,2612.55,46750.55708,47.02389654,53.12240841,NaN,NaN
2022-01-14T10:25:00-05:00,449.1,451.22,448.8688,450.88,14393,3292.2,56980.89972,50.54602614,52.99310463,NaN,NaN
2022-01-14T10:26:00-05:00,450.925,451.685,450.19,450.34,7088,3613,51315.24086,48.38338764,52.46460617,NaN,NaN
2022-01-14T10:27:00-05:00,450.705,451.32,450.28,451,5537,3796.25,53444.85624,51.13525447,52.17968147,NaN,NaN
2022-01-14T10:28:00-05:00,450.485,451.07,450.485,450.56,4600,3618.45,50024.34342,49.25013548,51.97182316,NaN,NaN
2022-01-14T10:29:00-05:00,450.56,450.92,449.485,450.1,9775,3481.4,48627.91485,47.28743537,51.02810925,NaN,NaN
2022-01-14T10:30:00-05:00,450.54,450.72,449.37,450.67,10119,3977.35,57997.35929,49.94913947,50.6366356,NaN,NaN
2022-01-14T10:31:00-05:00,450.045,450.9,449.81,450.6852,6759,4268.45,62092.44516,50.02161331,50.31183692,NaN,NaN
2022-01-14T10:32:00-05:00,450.675,450.84,449.79,450.77,8427,4614.8,69395.84516,50.45266266,50.03082403,NaN,NaN
2022-01-14T10:33:00-05:00,450.71,451,450.05,451,9877,4848.45,79272.84516,51.67018397,49.5585699,NaN,NaN
2022-01-14T10:34:00-05:00,450.75,451.3981,450.44,450.745,2100,4433.45,78509.86635,50.19741498,49.36232259,NaN,NaN
2022-01-14T10:35:00-05:00,450.8478,451,450.615,451,1860,4370.5,80369.86635,51.68061825,49.39114713,NaN,NaN
2022-01-14T10:36:00-05:00,451.01,451.3,450.29,451,3617,4531.35,81838.15348,51.68061825,49.7286309,NaN,NaN
2022-01-14T10:37:00-05:00,450.71,451.17,450.64,450.96,5032,4767.95,82882.53084,51.40212222,50.04860777,NaN,NaN
2022-01-14T10:38:00-05:00,450.77,451.31,450.77,451.31,1075,4806.7,83957.53084,53.75061904,50.52908795,NaN,NaN
2022-01-14T10:39:00-05:00,450.97,451.06,450.535,450.645,1800,4886.7,82911.81655,48.91397715,50.41251302,NaN,NaN
2022-01-14T10:40:00-05:00,450.53,451.06,450.5,451,5429,5062.95,87177.45941,51.42672681,50.62989439,NaN,NaN
2022-01-14T10:41:00-05:00,451,451.4,450.505,450.735,3930,5170.9,85267.34768,49.47060214,50.51099065,NaN,NaN
2022-01-14T10:42:00-05:00,450.04,451,450,451,5664,5369.1,90931.34768,51.45899016,50.66876598,NaN,NaN
2022-01-14T10:43:00-05:00,450.7,451.04,450.32,450.91,8335,5775.85,96256.48657,50.72887136,50.91458284,NaN,NaN
2022-01-14T10:44:00-05:00,450.63,451,450.62,451,4646,6003.15,100902.4866,51.47039283,51.02324379,NaN,NaN
2022-01-14T10:45:00-05:00,451,451.095,450.72,450.905,3700,5468.5,100853.1532,50.60465289,51.06488948,NaN,NaN
2022-01-14T10:46:00-05:00,450.79,451.12,450.2,450.625,13040,5766.1,99860.97932,48.03986835,50.89254703,NaN,NaN
2022-01-14T10:47:00-05:00,450.625,451,450.58,450.845,3701,5674.3,100830.2888,50.17656768,50.78586015,NaN,NaN
2022-01-14T10:48:00-05:00,451.09,451.29,450.845,451.29,813,5484.95,101643.2888,54.272672,51.07694994,NaN,NaN
2022-01-14T10:49:00-05:00,450.7,451.19,450.7,451.19,2961,5144.25,104604.2888,53.21393662,51.18647268,NaN,NaN
2022-01-14T10:50:00-05:00,451,451.61,450.68,451.61,4456,4861.1,109060.2888,57.00738404,51.56695595,NaN,NaN
2022-01-14T10:51:00-05:00,451,451.22,450.6,450.87,3305,4688.4,108633.8372,49.40642933,51.42440646,NaN,NaN
2022-01-14T10:52:00-05:00,450.74,450.74,448,449.425,12429,4888.5,109132.8117,38.58710696,50.34129845,NaN,NaN
2022-01-14T10:53:00-05:00,450.14,451.095,450.14,450.585,4425,4615.9,108831.6337,48.36292392,50.30193751,NaN,NaN
2022-01-14T10:54:00-05:00,450.7,451.35,450.0606,451,5359,4778.85,111281.296,51.34679303,50.29622795,NaN,NaN
2022-01-14T10:55:00-05:00,450.8,451.85,450.7,451.46,4389,4905.3,112693.409,54.48625424,50.65448881,NaN,NaN
2022-01-14T10:56:00-05:00,451.695,451.695,450.7,450.7,2145,4831.7,110548.409,48.87487346,50.46990905,NaN,NaN
2022-01-14T10:57:00-05:00,451,451.43,450.89,451,2162,4688.2,109267.2239,51.01924772,50.49065022,NaN,NaN
2022-01-14T10:58:00-05:00,451,451,448.11,448.11,2937,4781.3,106330.2239,35.55005283,49.35348308,NaN,NaN
2022-01-14T10:59:00-05:00,447.9,448,447.39,447.405,1140,4748.3,105246.2894,32.92725316,48.09081167,NaN,NaN
2022-01-14T11:00:00-05:00,447.22,447.67,445.79,447.67,1000,4526.85,106246.2894,34.87230864,47.15027169,NaN,NaN
2022-01-14T11:01:00-05:00,447.15,447.81,446.55,447.06,5248,4592.75,105246.6704,32.53354701,45.89005593,NaN,NaN
2022-01-14T11:02:00-05:00,447.04,447.4525,445.74,445.74,987,4358.9,104259.6704,28.13612342,44.0231596,NaN,NaN
2022-01-14T11:03:00-05:00,445,445.09,442.72,442.72,900,3987.15,103359.6704,21.10687952,41.72979838,NaN,NaN
2022-01-14T11:04:00-05:00,442.885,443.6632,442.86,443.6632,300,3769.85,103659.6704,27.22227257,39.60229041,NaN,NaN
2022-01-14T11:05:00-05:00,442.5797,442.5797,442.4547,442.4547,1066,3638.15,102593.6704,24.59196782,37.82982888,NaN,NaN
2022-01-14T11:06:00-05:00,441.47,442.25,441.47,441.84,1274,3049.85,102528.337,23.35579933,36.74187833,NaN,NaN
2022-01-14T11:07:00-05:00,442.18,442.73,441.8,442.425,1336,2931.6,102988.036,27.11092241,35.22387823,NaN,NaN
2022-01-14T11:08:00-05:00,441.63,441.63,440.35,440.58,900,2935.95,102411.4735,23.2431184,33.2164729,NaN,NaN
2022-01-14T11:09:00-05:00,440.11,440.7,439.98,440.5,3970,2986.4,104175.9179,23.08929967,30.97383328,NaN,NaN
2022-01-14T11:10:00-05:00,441.06,441.06,440.05,440.05,500,2788.6,103675.9179,22.1993562,29.06843919,NaN,NaN
2022-01-14T11:11:00-05:00,440.02,440.54,439.4382,439.4382,2326,2739.65,101349.9179,21.01350086,26.92517156,NaN,NaN
2022-01-14T11:12:00-05:00,439.9,441.2362,439.9,440.53,2452,2240.8,101210.0868,28.36744117,26.41212787,NaN,NaN
2022-01-14T11:13:00-05:00,440.73,440.73,440.73,440.73,100,2024.55,101210.0868,29.65938896,26.178709,NaN,NaN
2022-01-14T11:14:00-05:00,440.52,440.52,439.39,439.39,550,1784.1,100660.0868,26.24411244,25.56240927,NaN,NaN
2022-01-14T11:15:00-05:00,438.5093,439,436.51,436.51,5504,1839.85,95156.08675,20.7213728,24.71868254,NaN,NaN
2022-01-14T11:16:00-05:00,437.68,438.01,437.68,438.01,835,1774.35,95991.08675,29.09102381,24.78688971,NaN,NaN
2022-01-14T11:17:00-05:00,439.2399,440.15,438.37,440.15,2500,1791.25,98491.08675,38.98743456,26.06407222,NaN,NaN
2022-01-14T11:18:00-05:00,439.6101,439.87,438.82,439.03,1580,1723.4,97543.08675,36.14425245,26.70135649,NaN,NaN
2022-01-14T11:19:00-05:00,437.94,437.94,437.92,437.92,200,1676.4,97343.08675,33.53415331,27.34008403,NaN,NaN
2022-01-14T11:20:00-05:00,439.3999,439.3999,438.5833,439.0202,550,1653.9,97381.61235,38.29080126,28.40686988,NaN,NaN
2022-01-14T11:21:00-05:00,438.21,438.21,438.18,438.18,200,1401.5,97181.61235,36.16239108,29.05340336,NaN,NaN
2022-01-14T11:22:00-05:00,438,438,437.3201,437.835,1000,1402.15,97696.24685,35.29484364,29.91424087,NaN,NaN
2022-01-14T11:23:00-05:00,438.4899,439.39,437.755,439.39,995,1406.9,98691.24685,42.04373542,31.26812914,NaN,NaN
2022-01-14T11:24:00-05:00,439.38,439.38,438.875,438.875,900,1436.9,97791.24685,40.53576285,32.57787247,NaN,NaN
2022-01-14T11:26:00-05:00,439.52,440.67,439.47,440.67,800,1423.6,98591.24685,47.59140539,34.47629422,NaN,NaN
2022-01-14T11:27:00-05:00,441.13,442.32,441.13,442.32,374,1378.6,98965.24685,53.10019208,36.24291929,NaN,NaN
2022-01-14T11:28:00-05:00,442.43,443.0807,441.68,441.68,2608,1442.2,96357.24685,50.86678226,37.7577331,NaN,NaN
2022-01-14T11:29:00-05:00,441.05,441.05,441.01,441.01,800,1437.2,95557.24685,48.56393208,39.35200593,NaN,NaN
2022-01-14T11:30:00-05:00,440.42,440.66,439,440.66,717,1274.55,96274.24685,47.35778376,41.25460671,NaN,NaN
2022-01-14T11:31:00-05:00,439.865,442.64,439.835,442.64,4418,1470.45,100692.2469,54.27625991,43.05355215,NaN,NaN
2022-01-14T11:32:00-05:00,443.1,444.4766,442.855,442.86,3966,1552.45,96750.70418,54.98417901,44.19617675,NaN,NaN
2022-01-14T11:33:00-05:00,443.795,443.855,442.59,442.59,2920,1575.85,93830.70418,53.88160395,45.46313043,NaN,NaN
2022-01-14T11:34:00-05:00,443.51,443.51,442.1306,443,2950,1718.35,94599.32097,55.34592496,47.02111412,NaN,NaN
2022-01-14T11:35:00-05:00,443.5,443.8951,443.38,443.38,1120,1746.85,93479.32097,56.71762028,48.33731548,NaN,NaN
2022-01-14T11:36:00-05:00,443.26,443.26,442.54,442.54,550,1499.15,92929.32097,52.85267041,49.52947829,NaN,NaN
2022-01-14T11:37:00-05:00,442.625,442.97,442.6,442.97,1025,1508.65,93954.32097,54.55969946,50.90553942,NaN,NaN
2022-01-14T11:38:00-05:00,442.3201,442.3201,442.3201,442.3201,100,1388.65,93954.32097,51.52335715,51.58265525,NaN,NaN
2022-01-14T11:39:00-05:00,442.8,442.8,442.01,442.205,2398,1429.55,92740.14375,50.98221554,52.32883045,NaN,NaN
2022-01-14T11:40:00-05:00,442.01,442.92,442.01,442.74,700,1454.55,93163.22068,53.43055154,52.74591231,NaN,NaN
2022-01-14T11:41:00-05:00,443.41,444.97,443.41,444.97,1350,1494.55,94513.22068,61.95956148,53.37872441,NaN,NaN
2022-01-14T11:42:00-05:00,444.1,444.1,444.1,444.1,100,1489.55,94513.22068,57.53255403,53.85485097,NaN,NaN
2022-01-14T11:43:00-05:00,444.13,444.13,443.84,443.84,400,1459.55,94113.22068,56.23930942,54.40309221,NaN,NaN
2022-01-14T11:44:00-05:00,442.68,442.81,442.6,442.6,550,1437.3,93563.22068,50.4184209,54.62170915,NaN,NaN
2022-01-14T11:46:00-05:00,442.29,442.29,442.1058,442.1058,450,1414.8,93113.22068,48.2739135,54.19297012,NaN,NaN
2022-01-14T11:47:00-05:00,443.25,444.595,443.25,444.595,800,1414.8,93913.22068,57.97077925,54.40629871,NaN,NaN
2022-01-14T11:49:00-05:00,444.2,444.2,444.09,444.09,400,1416.1,93513.22068,55.68983858,54.53545832,NaN,NaN
2022-01-14T11:50:00-05:00,442.81,443.29,442.7281,442.7281,1163,1343.85,92350.22068,49.97863351,54.15208036,NaN,NaN
2022-01-14T11:51:00-05:00,443.2732,443.2732,442.61,442.61,500,1328.85,91850.22068,49.50451602,53.63685863,NaN,NaN
2022-01-14T11:52:00-05:00,442.665,442.665,441.55,441.55,3700,1478,88150.22068,45.34650121,53.10070369,NaN,NaN
2022-01-14T11:53:00-05:00,440.0101,441.76,440.0101,441.5554,600,1287.1,88609.91552,45.37167402,52.44441615,NaN,NaN
2022-01-14T11:55:00-05:00,441.135,441.135,440.65,441.115,1684,1173,90155.02892,43.60761043,51.87900567,NaN,NaN
2022-01-14T11:56:00-05:00,440.7324,441.105,440.415,440.84,2321,1143.05,90693.23182,42.49651137,51.27288395,NaN,NaN
2022-01-14T11:57:00-05:00,441.45,442.48,441.325,442.48,900,1040.55,91593.23182,50.5830436,51.06949052,NaN,NaN
2022-01-14T11:58:00-05:00,442.86,442.86,441.7715,441.7715,3100,1139.55,88493.23182,47.47683527,50.03501008,NaN,NaN
2022-01-14T11:59:00-05:00,441.61,441.61,441.32,441.57,1000,1162.05,89217.36975,46.60036969,49.25413977,NaN,NaN
2022-01-14T12:00:00-05:00,441.57,441.57,441.01,441.23,1300,1175.8,88938.79832,45.08784952,48.45760692,NaN,NaN
2022-01-14T12:01:00-05:00,441.365,442,441.24,441.91,5400,1440.8,93059.85095,48.6758173,48.33313523,NaN,NaN
2022-01-14T12:02:00-05:00,441.73,442.17,441.73,442.17,1236,1382.7,94295.85095,50.02050388,48.45789169,NaN,NaN
2022-01-14T12:03:00-05:00,442.095,442.35,441.5,441.5,3956,1545.5,90339.85095,46.63009942,47.64784313,NaN,NaN
2022-01-14T12:04:00-05:00,441.72,442,441.555,442,7688,1862.4,98027.85095,49.38714635,47.19765083,NaN,NaN
2022-01-14T12:05:00-05:00,442,442.12,441.71,441.71,1360,1925.4,96667.85095,47.8433775,47.04513254,NaN,NaN
2022-01-14T12:06:00-05:00,441.7335,442.21,441.61,442.195,2301,2020.45,98853.80095,50.62321599,47.12503968,NaN,NaN
2022-01-14T12:07:00-05:00,442.5,442.5,442.5,442.5,100,1997.95,98853.80095,52.34340396,47.62481845,NaN,NaN
2022-01-14T12:08:00-05:00,442.15,442.15,442.15,442.15,100,1980.45,98853.80095,50.18286813,47.96847517,NaN,NaN
2022-01-14T12:09:00-05:00,441.91,442.15,441.71,442.15,1015,1991.2,99868.80095,50.18286813,48.43813644,NaN,NaN
2022-01-14T12:10:00-05:00,441.86,442.885,441.86,442.885,500,1996.2,100368.801,54.73343702,49.31220255,NaN,NaN
2022-01-14T12:11:00-05:00,441.88,441.915,440.63,440.65,3335,2104.8,97137.61418,42.13079725,48.70847067,NaN,NaN
2022-01-14T12:12:00-05:00,440.22,441.31,439.8302,441.24,6896,2424.6,103381.2017,45.6861182,48.58056231,NaN,NaN
2022-01-14T12:13:00-05:00,440.5,440.5,440.5,440.5,982,2288.7,103381.2017,42.18539462,48.26520695,NaN,NaN
2022-01-14T12:14:00-05:00,440.24,440.24,439.43,439.945,1067,2312.05,103671.0042,39.72671382,47.88226868,NaN,NaN
2022-01-14T12:15:00-05:00,440.0125,441.02,439.81,441.02,1200,2287.85,104871.0042,46.26008287,47.70971622,NaN,NaN
2022-01-14T12:16:00-05:00,440.025,441,440.025,441,2916,2317.6,107787.0042,46.15983324,47.43395404,NaN,NaN
2022-01-14T12:17:00-05:00,441.74,441.775,441.4301,441.4301,1302,2337.7,106485.0042,48.73283336,47.58414932,NaN,NaN
2022-01-14T12:18:00-05:00,441.51,441.955,441.51,441.955,400,2202.7,106885.0042,51.76259958,47.75382455,NaN,NaN
2022-01-14T12:19:00-05:00,441.955,442.254,441.69,441.69,1020,2203.7,105865.0042,50.15119327,47.91866853,NaN,NaN
2022-01-14T12:20:00-05:00,441.09,441.09,441.09,441.09,100,2143.7,105865.0042,46.61296561,47.63222208,NaN,NaN
2022-01-14T12:21:00-05:00,441.67,441.67,441.67,441.67,300,1888.7,105865.0042,50.26573013,47.4838168,NaN,NaN
2022-01-14T12:22:00-05:00,441.88,442.15,441.76,442.14,600,1856.9,106434.2349,53.06799715,47.68989745,NaN,NaN
2022-01-14T12:23:00-05:00,441.5,441.5,441.5,441.5,100,1664.1,106434.2349,49.01781534,47.60667939,NaN,NaN
2022-01-14T12:24:00-05:00,440.33,440.33,440.1,440.33,400,1299.7,106834.2349,42.61469354,46.74105486,NaN,NaN
2022-01-14T12:25:00-05:00,439.67,440.905,439.67,440.905,2117,1337.55,108951.2349,46.32553342,47.04067887,NaN,NaN
2022-01-14T12:26:00-05:00,440.9953,441,440.905,441,300,1237.5,109251.2349,46.93606954,47.12996111,NaN,NaN
2022-01-14T12:27:00-05:00,441.35,442.2799,441.0368,442.2799,1361,1300.55,110612.2349,54.4529999,48.00621863,NaN,NaN
2022-01-14T12:28:00-05:00,441.605,441.605,441.605,441.605,100,1300.55,110612.2349,50.39876353,48.76850789,NaN,NaN
2022-01-14T12:29:00-05:00,441.215,441.215,440.82,440.82,800,1289.8,109812.2349,46.09946092,48.7570349,NaN,NaN
2022-01-14T12:30:00-05:00,440.99,441.29,440.82,441.04,1020,1315.8,109747.1285,47.4523711,48.84935903,NaN,NaN
2022-01-14T12:31:00-05:00,441,441,441,441,100,1154.05,109747.1285,47.22029706,48.74132072,NaN,NaN
2022-01-14T12:32:00-05:00,440.96,443.15,440.96,442.51,3428,980.65,111171.5486,55.97379336,49.04212028,NaN,NaN
2022-01-14T12:34:00-05:00,441.94,442.35,441.6,442.35,700,966.55,111871.5486,54.93414917,49.38375998,NaN,NaN
2022-01-14T12:35:00-05:00,441.17,441.17,440.27,440.78,1200,973.2,112031.5486,45.92101521,49.33433495,NaN,NaN
2022-01-14T12:36:00-05:00,441,441.24,440.79,441.24,1400,983.2,113431.5486,48.58286859,49.21413056,NaN,NaN
2022-01-14T12:37:00-05:00,441.19,441.19,441.19,441.19,100,842.4,113431.5486,48.30455109,48.87388441,NaN,NaN
2022-01-14T12:38:00-05:00,440.9,441.22,440.465,441,2261,890.35,114374.8798,47.19805537,48.74390156,NaN,NaN
2022-01-14T12:39:00-05:00,440.9,441.11,440.58,440.85,4187,1079.7,114453.8798,46.29641899,49.00688195,NaN,NaN
2022-01-14T12:40:00-05:00,440.83,441.05,440.75,440.82,3381,1197.75,112650.6798,46.10671078,48.99125176,NaN,NaN
2022-01-14T12:41:00-05:00,440.7938,441.14,440.675,441.14,2250,1305.25,114900.6798,48.52947285,49.10506628,NaN,NaN
2022-01-14T12:42:00-05:00,440.93,441,440.91,440.96,500,1315.25,114956.2353,47.24294195,48.59006214,NaN,NaN
2022-01-14T12:43:00-05:00,440.94,440.94,440.27,440.51,4587,1514.6,113655.4443,44.09566315,48.13984068,NaN,NaN
2022-01-14T12:44:00-05:00,440.5006,440.535,440.2,440.49,2901,1654.65,115777.0711,43.95550649,47.98670108,NaN,NaN
2022-01-14T12:45:00-05:00,440.545,440.84,440.5,440.84,1000,1684.65,116777.0711,47.12294263,47.96317048,NaN,NaN
2022-01-14T12:46:00-05:00,440.5,440.8,438.25,438.26,3044,1731,113756.9457,32.52878328,46.91377664,NaN,NaN
2022-01-14T12:47:00-05:00,438.47,438.47,437.57,437.57,682,1750.1,113074.9457,29.86486271,45.04885302,NaN,NaN
2022-01-14T12:48:00-05:00,437.2801,437.595,437.2801,437.47,400,1702.05,113157.3845,29.48795613,43.2312678,NaN,NaN
2022-01-14T12:49:00-05:00,437.17,437.5,437.17,437.465,600,1727.05,113630.1118,29.4679309,42.05604749,NaN,NaN
2022-01-14T12:50:00-05:00,437.92,438.45,437.92,438.45,300,1702.05,113930.1118,38.3500482,41.32513175,NaN,NaN
2022-01-14T12:51:00-05:00,438.4,438.4,438.4,438.4,100,1656.05,113930.1118,38.08784695,40.59536717,NaN,NaN
2022-01-14T12:52:00-05:00,438.16,438.53,438.075,438.53,400,1671.05,114330.1118,39.25081382,40.02770706,NaN,NaN
2022-01-14T12:53:00-05:00,437.8,438.48,437.8,438.48,700,1534.65,115030.1118,38.94778389,39.50280455,NaN,NaN
2022-01-14T12:54:00-05:00,439.08,439.08,438.73,438.73,305,1514.9,114725.1118,41.38449506,39.16550343,NaN,NaN
2022-01-14T12:55:00-05:00,438.685,439.16,438.685,439.16,300,1469.9,115025.1118,45.41957952,38.94336819,NaN,NaN
2022-01-14T12:56:00-05:00,438.2001,438.2001,438.2001,438.2001,275,1413.65,115025.1118,38.97023773,38.35246075,NaN,NaN
2022-01-14T12:57:00-05:00,439.28,439.28,438.39,438.39,250,1421.15,114775.1118,40.76230414,38.11436368,NaN,NaN
2022-01-14T12:59:00-05:00,438.47,438.47,438.47,438.47,400,1328.1,114775.1118,41.54108076,37.9419047,NaN,NaN
2022-01-14T13:00:00-05:00,437.5301,438.46,437.5301,438.41,651,1151.3,115356.1043,41.10461391,37.51202407,NaN,NaN
2022-01-14T13:01:00-05:00,439.11,439.11,438.88,438.88,200,992.25,115156.1043,45.89978148,38.46709537,NaN,NaN
2022-01-14T13:02:00-05:00,438.985,438.985,438.985,438.985,100,884.75,115156.1043,46.93915771,39.68668787,NaN,NaN
2022-01-14T13:03:00-05:00,438.985,439.45,438.985,439.45,290,874.25,115446.1043,51.39286923,41.25132452,NaN,NaN
2022-01-14T13:06:00-05:00,439.1324,439.4,439.1324,439.4,200,654.9,115646.1043,50.89815803,42.78205503,NaN,NaN
2022-01-14T13:07:00-05:00,438.98,438.98,438.34,438.34,700,544.85,114946.1043,41.72765077,43.02331236,NaN,NaN
2022-01-14T13:08:00-05:00,438.36,438.36,438.36,438.36,100,499.85,114946.1043,41.94020785,43.29848099,NaN,NaN
2022-01-14T13:09:00-05:00,438.46,439.25,438.045,439.2,5000,597.65,119531.1665,50.16266862,44.07789919,NaN,NaN
2022-01-14T13:10:00-05:00,438.81,438.98,438.58,438.98,3405,733.8,122936.1665,48.23592034,44.74133751,NaN,NaN
2022-01-14T13:11:00-05:00,438.8944,439.29,438.65,439.1,2126,820.1,123799.854,49.37807843,45.31230775,NaN,NaN
2022-01-14T13:12:00-05:00,439.5,439.5,439.3,439.3,200,800.1,123599.854,51.30650073,45.73280212,NaN,NaN
2022-01-14T13:13:00-05:00,439.2,439.2,439.2,439.2,200,795.1,123599.854,50.27523098,46.54030164,NaN,NaN
2022-01-14T13:14:00-05:00,438.71,438.71,438.68,438.68,200,800.1,123399.854,45.18874142,46.85647573,NaN,NaN
2022-01-14T13:15:00-05:00,438.87,439,438.5098,438.5098,2572,908.7,120827.854,43.63271414,47.00587812,NaN,NaN
2022-01-14T13:16:00-05:00,438.7,438.97,438.42,438.42,2391,993.25,118436.854,42.7954055,47.12664894,NaN,NaN
2022-01-14T13:18:00-05:00,438.825,438.825,438.825,438.825,100,983,118436.854,47.67255679,47.25327575,NaN,NaN
2022-01-14T13:19:00-05:00,438.47,439,438.44,438.75,4476,1191.8,118916.4254,46.87553088,47.24873098,NaN,NaN
2022-01-14T13:20:00-05:00,438.8,438.8,438.71,438.725,600,1208.05,118516.4254,46.5958808,46.90608895,NaN,NaN
2022-01-14T13:21:00-05:00,438.84,438.84,438,438,900,1240.55,117616.4254,39.27778033,46.07606197,NaN,NaN
2022-01-14T13:22:00-05:00,437.99,438.47,437.99,438.47,200,1230.55,117816.4254,45.27787784,46.32964962,NaN,NaN
2022-01-14T13:23:00-05:00,437.91,437.91,436.58,436.9,1072,1251.6,117260.2751,33.40393856,45.7199161,NaN,NaN
2022-01-14T13:24:00-05:00,437.29,437.63,437.1,437.63,1242,1303.7,118502.2751,41.13397218,45.07500921,NaN,NaN
2022-01-14T13:25:00-05:00,438.185,438.63,438.185,438.55,1400,1368.7,119398.9043,49.14544472,45.13997524,NaN,NaN
2022-01-14T13:26:00-05:00,438.31,438.54,437.84,437.87,1700,1439.2,117844.6186,44.34184166,44.78024404,NaN,NaN
2022-01-14T13:27:00-05:00,437.38,437.5,437.29,437.5,700,1464.2,118544.6186,41.93976256,44.11119131,NaN,NaN
2022-01-14T13:28:00-05:00,437.5,437.5,437.5,437.5,158,1437.1,118544.6186,41.93976256,43.51580071,NaN,NaN
2022-01-14T13:29:00-05:00,437.855,437.855,437.59,437.59,200,1442.1,118344.6186,42.81369085,43.34615424,NaN,NaN
2022-01-14T13:30:00-05:00,437.86,438.21,437.86,438.21,231,1203.65,118575.6186,48.55812962,43.69796963,NaN,NaN
2022-01-14T13:32:00-05:00,437.56,437.56,437.02,437.12,403,1053.55,118321.8778,40.79882676,43.55535686,NaN,NaN
2022-01-14T13:33:00-05:00,437.025,437.04,436.98,436.98,300,962.25,118021.8778,39.91655968,43.00135707,NaN,NaN
2022-01-14T13:34:00-05:00,436.965,436.965,436.35,436.6,600,982.25,117909.6827,37.54340366,42.33477656,NaN,NaN
2022-01-14T13:35:00-05:00,436.3,436.64,436.108,436.64,979,1021.2,118888.6827,37.96151835,41.71803638,NaN,NaN
2022-01-14T13:36:00-05:00,436.74,437.25,436.74,437,1000,1061.2,118908.2905,41.74161371,41.89402448,NaN,NaN
2022-01-14T13:37:00-05:00,437.185,438,437.185,438,1330,999.1,120238.2905,50.72343142,42.28299259,NaN,NaN
2022-01-14T13:38:00-05:00,437.77,438.235,437.77,438.235,3733,1066.2,123971.2905,52.57387551,43.6522738,NaN,NaN
2022-01-14T13:39:00-05:00,438.02,438.62,437.65,437.99,2465,1184.45,123234.3318,50.44694507,44.31748615,NaN,NaN
2022-01-14T13:40:00-05:00,438.1,438.1,437.86,437.86,2278,1074.55,120956.3318,49.30707721,44.32903133,NaN,NaN
2022-01-14T13:41:00-05:00,437.8,438.3,437.8,437.91,1665,1127.8,120023.9318,49.77711484,44.71726513,NaN,NaN
2022-01-14T13:42:00-05:00,438.27,438.78,438.27,438.78,600,1112.8,120623.9318,57.21151797,45.8081048,NaN,NaN
2022-01-14T13:43:00-05:00,438.78,439.13,438.25,438.25,611,1133.35,120012.9318,52.14724488,46.53721068,NaN,NaN
2022-01-14T13:47:00-05:00,438.03,438.65,438,438.65,1200,1139.75,121212.9318,55.3589582,47.43330121,NaN,NaN
2022-01-14T13:48:00-05:00,438.75,438.75,438.44,438.44,279,1091.6,120933.9318,53.33506926,47.77451118,NaN,NaN
2022-01-14T13:49:00-05:00,438.4787,438.4787,437.85,437.85,1945,1118.85,118988.9318,48.022981,48.2905222,NaN,NaN
2022-01-14T13:50:00-05:00,438.15,439.43,438.115,439.43,700,1068.85,119688.9318,59.62128882,49.69800285,NaN,NaN
2022-01-14T13:51:00-05:00,439.28,439.457,439.28,439.457,1350,1101.35,121038.9318,59.78642692,51.28679023,NaN,NaN
2022-01-14T13:52:00-05:00,439.86,440.28,439.86,440.28,473,1117.1,121511.9318,64.54612396,53.18569063,NaN,NaN
2022-01-14T13:53:00-05:00,440.28,441.66,440.28,441.17,5627,1388.45,123142.9463,68.84112497,55.12137,NaN,NaN
2022-01-14T13:54:00-05:00,441.335,441.335,440.68,440.92,1617,1457.75,122710.9234,66.40751237,56.2416615,NaN,NaN
2022-01-14T13:55:00-05:00,440.5001,441.33,440.5001,441.33,270,1451.1,122980.9234,68.38162345,57.37078635,NaN,NaN
2022-01-14T13:56:00-05:00,441.93,442.6761,441.8955,442.38,1867,1529.45,123431.5291,72.79148002,58.96682456,NaN,NaN
2022-01-14T13:57:00-05:00,442.74,443.7199,442.41,442.72,984,1548.65,122913.2745,74.05342172,60.7344206,NaN,NaN
2022-01-14T13:58:00-05:00,443,443.49,442.3,443.49,6890,1844.2,129803.2745,76.69017709,62.65678219,NaN,NaN
2022-01-14T13:59:00-05:00,443.1044,443.7099,442.9,443.6899,6309,2109.65,135800.6805,77.33415131,64.09411314,NaN,NaN
2022-01-14T14:00:00-05:00,443.5097,443.5097,443.015,443.015,450,2065.65,135350.6805,70.27515967,65.3889642,NaN,NaN
2022-01-14T14:01:00-05:00,443.155,443.155,443.155,443.155,100,1884,135350.6805,70.86917469,66.4968368,NaN,NaN
2022-01-14T14:02:00-05:00,443.3,444.0099,443.3,444.0099,259,1773.7,135609.6805,74.25278347,67.99095925,NaN,NaN
2022-01-14T14:03:00-05:00,443.25,443.25,442.85,442.85,300,1674.8,135309.6805,63.47944318,69.09499226,NaN,NaN
2022-01-14T14:04:00-05:00,442.85,443.29,442.04,443.29,1500,1666.55,136809.6805,65.52298757,69.51654217,NaN,NaN
2022-01-14T14:05:00-05:00,442.62,442.62,441.85,442.06,825,1677.8,136434.6805,56.07660526,69.25155491,NaN,NaN
2022-01-14T14:06:00-05:00,442.08,442.08,441.57,441.57,300,1662.25,136134.6805,52.81023382,68.41327704,NaN,NaN
2022-01-14T14:07:00-05:00,442.14,442.64,442.14,442.375,500,1627.25,136104.6805,57.21902028,67.58312671,NaN,NaN
2022-01-14T14:08:00-05:00,442.52,442.52,441.81,441.9512,1787,1702.65,135028.4535,54.34065528,66.72120834,NaN,NaN
2022-01-14T14:09:00-05:00,442.06,443.0399,442.06,443.0399,1100,1660.4,136128.4535,59.91866854,66.11671156,NaN,NaN
2022-01-14T14:10:00-05:00,441.71,441.71,441.15,441.21,1646,1707.7,134835.1678,49.06809115,64.42218379,NaN,NaN
2022-01-14T14:11:00-05:00,440.96,441.015,440.53,441.015,1415,1710.95,136250.1678,48.06912933,62.5661629,NaN,NaN
2022-01-14T14:12:00-05:00,440.3801,440.6154,440.3801,440.6154,620,1718.3,136870.1678,46.00229906,60.37417161,NaN,NaN
2022-01-14T14:13:00-05:00,440.98,440.98,440.73,440.73,300,1451.95,136570.1678,46.70996515,58.18672975,NaN,NaN
2022-01-14T14:14:00-05:00,440.67,441.03,440.67,440.975,300,1386.1,136778.5011,48.27079328,56.61498929,NaN,NaN
2022-01-14T14:15:00-05:00,440.98,441.44,440.96,441.44,806,1412.9,137584.5011,51.19269407,55.20952639,NaN,NaN
2022-01-14T14:16:00-05:00,441.5,441.93,441.365,441.93,1222,1380.65,138806.5011,54.13277906,53.77238322,NaN,NaN
2022-01-14T14:18:00-05:00,441.7,442.66,441.7,442.66,300,1346.45,139106.5011,58.1750205,53.39349588,NaN,NaN
2022-01-14T14:19:00-05:00,442.29,442.29,442.29,442.29,100,1006.95,139106.5011,55.50499483,52.67792497,NaN,NaN
2022-01-14T14:20:00-05:00,442.15,442.15,442.15,442.15,100,696.5,139106.5011,54.48599348,52.56430984,NaN,NaN
2022-01-14T14:21:00-05:00,442.45,442.68,442.45,442.68,350,691.5,139456.5011,57.65536808,52.91039086,NaN,NaN
2022-01-14T14:22:00-05:00,442.14,443.03,442.09,442.97,2970,835,142047.3521,59.32441714,53.06077635,NaN,NaN
2022-01-14T14:23:00-05:00,443.57,443.57,443.205,443.205,400,842.05,141647.3521,60.67702424,53.51337414,NaN,NaN
2022-01-14T14:24:00-05:00,443.32,443.69,443.28,443.69,799,867,142446.3521,63.38332085,53.7608493,NaN,NaN
2022-01-14T14:25:00-05:00,443.9,443.9,442.89,443.21,900,837,142116.6492,59.05174489,54.47396743,NaN,NaN
2022-01-14T14:27:00-05:00,442.64,442.64,440.99,440.99,700,830.75,141416.6492,44.05588703,54.18730726,NaN,NaN
2022-01-14T14:28:00-05:00,440.6801,440.91,440.6801,440.7129,1100,870.75,140630.5248,42.60165636,53.94440421,NaN,NaN
2022-01-14T14:29:00-05:00,441.35,441.35,440.7,440.7,400,865.75,140230.5248,42.5312721,53.64592614,NaN,NaN
2022-01-14T14:30:00-05:00,440.07,440.4,440.0501,440.0501,850,818.9,139380.5248,39.03249017,52.98604734,NaN,NaN
2022-01-14T14:31:00-05:00,440.81,440.81,440.81,440.81,200,773.9,139380.5248,44.75511371,52.52622017,NaN,NaN
2022-01-14T14:32:00-05:00,440.9999,441,440.58,440.58,830,733.1,138550.5248,43.4264736,51.76148407,NaN,NaN
2022-01-14T14:33:00-05:00,440.845,440.855,440.845,440.855,300,677.35,138850.5248,45.50940878,50.85679752,NaN,NaN
2022-01-14T14:34:00-05:00,441.42,441.42,441.42,441.42,100,651.35,138850.5248,49.61402546,50.43601399,NaN,NaN
2022-01-14T14:35:00-05:00,441.71,442.7985,441.43,442.7985,300,651.35,139150.5248,57.93885232,50.68264677,NaN,NaN
2022-01-14T14:36:00-05:00,442.07,442.07,442.07,442.07,100,641.35,139150.5248,52.95903848,50.34719465,NaN,NaN
2022-01-14T14:37:00-05:00,442.51,442.51,442.415,442.42,400,621.05,138792.63,54.96188026,50.03558487,NaN,NaN
2022-01-14T14:38:00-05:00,442.37,442.37,442.37,442.37,200,569.95,138792.63,54.60420968,49.60181241,NaN,NaN
2022-01-14T14:39:00-05:00,443.01,444.14,442.665,443.7064,1447,627.3,139388.8921,61.76601277,49.4862904,NaN,NaN
2022-01-14T14:40:00-05:00,443.885,443.885,443,443.06,2246,734.6,137447.4345,57.07564211,49.3451402,NaN,NaN
2022-01-14T14:41:00-05:00,443.76,444.4,443.76,443.8,500,754.6,137009.9345,60.75023874,50.53759389,NaN,NaN
2022-01-14T14:42:00-05:00,443.995,443.995,443.59,443.61,1061,790.15,136053.7246,59.34548526,51.73358167,NaN,NaN
2022-01-14T14:43:00-05:00,443.04,443.04,443,443,200,651.65,135853.7246,54.95211828,52.62078497,NaN,NaN
2022-01-14T14:44:00-05:00,442.0501,442.0501,440.67,440.67,562,659.75,135291.7246,42.12428949,52.84162778,NaN,NaN
2022-01-14T14:45:00-05:00,440.6401,440.6401,440.6401,440.6401,1450,692.3,135291.7246,41.98883217,52.64403624,NaN,NaN
2022-01-14T14:46:00-05:00,441.11,442.14,441.11,441.99,900,692.3,135929.5887,49.83231621,53.10159643,NaN,NaN
2022-01-14T14:47:00-05:00,442.73,442.81,442.73,442.81,500,682.3,136429.5887,53.90902977,53.70156936,NaN,NaN
2022-01-14T14:48:00-05:00,442.29,442.29,442.28,442.28,200,637.3,136229.5887,51.02301238,53.80221128,NaN,NaN
2022-01-14T14:49:00-05:00,441.7,443.07,441.5718,443.07,3170,775.8,139399.5887,54.89881199,53.58506554,NaN,NaN
2022-01-14T14:50:00-05:00,443,443.65,443,443.03,1000,783.3,138491.8964,54.66293814,53.70677266,NaN,NaN
2022-01-14T14:51:00-05:00,442.4701,443.6999,442.4701,443.6999,407,793.65,138898.8964,57.92349085,53.91831627,NaN,NaN
2022-01-14T14:52:00-05:00,443.41,443.41,442.97,443.15,400,772.15,138826.1691,54.46105055,53.90809062,NaN,NaN
2022-01-14T14:53:00-05:00,442.85,442.85,442.85,442.85,100,762.15,138826.1691,52.61329184,53.25432484,NaN,NaN
2022-01-14T14:54:00-05:00,443.36,443.36,442.81,442.935,1038,809.05,138259.9873,53.09883211,52.97026698,NaN,NaN
2022-01-14T14:55:00-05:00,442.59,442.59,442.59,442.59,100,799.05,138259.9873,50.82263059,52.26115212,NaN,NaN
2022-01-14T14:57:00-05:00,443,443.47,442.75,442.75,1170,852.55,137089.9873,51.85343582,51.72600573,NaN,NaN
2022-01-14T14:58:00-05:00,442.75,442.8,442.74,442.8,600,862.55,137689.9873,52.19069089,51.52876091,NaN,NaN
2022-01-14T14:59:00-05:00,443.11,443.12,442.2001,442.592,2966,1000.85,137251.1651,50.60271103,52.13436245,NaN,NaN
2022-01-14T15:00:00-05:00,443.16,443.29,442.73,442.73,500,953.5,136751.1651,51.65374136,52.82471311,NaN,NaN
2022-01-14T15:01:00-05:00,442.83,442.87,442.83,442.87,200,851.2,136951.1651,52.75206072,53.03326629,NaN,NaN
2022-01-14T15:02:00-05:00,442.69,443.895,442.69,443.895,1500,901.2,138451.1651,59.92952123,53.46330139,NaN,NaN
2022-01-14T15:03:00-05:00,443.37,443.9,443.29,443.9,378,867.05,138829.1651,59.96147314,54.10176288,NaN,NaN
2022-01-14T15:04:00-05:00,443.51,443.51,443.51,443.51,205,867.3,138829.1651,56.19732058,54.19451349,NaN,NaN
2022-01-14T15:05:00-05:00,443.5759,443.5759,443.08,443.385,2020,940.2,139293.9402,55.00544562,54.21897831,NaN,NaN
2022-01-14T15:06:00-05:00,443.385,444.04,443.385,443.9,2762,1005.8,140875.2379,58.8753416,54.28696765,NaN,NaN
2022-01-14T15:07:00-05:00,443.73,443.73,443.73,443.73,200,970.8,140875.2379,57.12863657,54.47750951,NaN,NaN
2022-01-14T15:08:00-05:00,443.57,444.11,443.22,443.71,8899,1390.75,141775.1368,56.91470426,54.78475325,NaN,NaN
2022-01-14T15:09:00-05:00,444.13,444.47,444.13,444.445,980,1429.75,142611.0192,62.4759741,55.45454911,NaN,NaN
2022-01-14T15:10:00-05:00,444.305,444.59,444.21,444.21,604,1301.45,142007.0192,59.8174653,56.0970373,NaN,NaN
2022-01-14T15:11:00-05:00,444.6493,444.6493,444.06,444.06,400,1271.45,141607.0192,58.11749994,56.54447045,NaN,NaN
2022-01-14T15:12:00-05:00,443.87,443.95,443.87,443.95,200,1261.1,141807.0192,56.84174984,56.87668895,NaN,NaN
2022-01-14T15:13:00-05:00,443.84,444.24,443.48,443.48,2325,1357.35,139482.0192,51.62708774,56.94985871,NaN,NaN
2022-01-14T15:14:00-05:00,443.52,444.09,443.52,443.66,401,1372.4,139278.0016,53.39065123,57.0739237,NaN,NaN
2022-01-14T15:15:00-05:00,443.49,444.6,443.36,444.32,3492,1495.1,141192.9693,59.25617472,57.53850328,NaN,NaN
2022-01-14T15:16:00-05:00,444.605,445.32,444.33,445.32,1197,1549.95,142389.9693,66.19724696,57.98619797,NaN,NaN
2022-01-14T15:17:00-05:00,445.62,445.625,445.62,445.625,200,1501.45,142589.9693,67.98849364,58.55955658,NaN,NaN
2022-01-14T15:18:00-05:00,446.29,446.29,445.8441,445.8441,1606,1551.75,140983.9693,69.24912477,59.49182831,NaN,NaN
2022-01-14T15:19:00-05:00,446.48,446.48,445.805,445.805,200,1413.45,140783.9693,68.72896021,60.47207935,NaN,NaN
2022-01-14T15:20:00-05:00,445.26,446.18,445.23,445.46,1459,1461.4,140031.4325,64.15016458,60.84885242,NaN,NaN
2022-01-14T15:21:00-05:00,445.4,445.78,445.27,445.78,600,1481.4,140631.4325,66.38700143,61.51016419,NaN,NaN
2022-01-14T15:23:00-05:00,445.72,445.79,445.34,445.34,500,1431.4,140131.4325,60.77213985,61.78569531,NaN,NaN
2022-01-14T15:24:00-05:00,445.77,446.45,445.77,446.09,700,1447.5,140090.256,66.04402013,62.04055574,NaN,NaN
2022-01-14T15:26:00-05:00,446.2,446.9,446.2,446.35,700,1472.25,139690.256,67.66629045,62.60118611,NaN,NaN
2022-01-14T15:27:00-05:00,446.71,446.99,446.71,446.99,387,1390.6,140077.256,71.3009652,63.5428622,NaN,NaN
2022-01-14T15:28:00-05:00,446.45,446.46,445.78,445.78,1011,1303.05,139066.256,58.02128929,63.62711501,NaN,NaN
2022-01-14T15:29:00-05:00,445.41,445.41,444.915,445.32,1538,1369.95,140044.9833,53.91052326,63.79021755,NaN,NaN
2022-01-14T15:30:00-05:00,445.375,445.79,445.375,445.79,600,955,140644.9833,57.24371329,64.06543627,NaN,NaN
2022-01-14T15:31:00-05:00,445.795,445.805,445.795,445.805,200,916,140844.9833,57.34972607,63.92926137,NaN,NaN
2022-01-14T15:32:00-05:00,446.415,446.43,446.415,446.43,300,900.8,141144.9833,61.61983102,63.60230309,NaN,NaN
2022-01-14T15:33:00-05:00,446.31,446.805,446.13,446.34,687,915.15,140885.45,60.67773908,63.08010633,NaN,NaN
2022-01-14T15:34:00-05:00,446.04,446.45,445.265,445.265,1724,991.35,139161.45,50.70577221,61.75558115,NaN,NaN
2022-01-14T15:35:00-05:00,445.5,445.51,445.205,445.47,1225,936.35,140065.1385,52.31516411,60.58316714,NaN,NaN
2022-01-14T15:36:00-05:00,445.525,445.53,445.27,445.27,300,931.3,139765.1385,50.58013585,59.61387938,NaN,NaN
2022-01-14T15:37:00-05:00,445.446,445.505,444.975,444.98,1053,809.35,138732.0064,48.08965446,58.30692602,NaN,NaN
2022-01-14T15:38:00-05:00,445.2,445.545,445.2,445.21,1600,829.5,137224.76,50.18464035,57.55067606,NaN,NaN
2022-01-14T15:39:00-05:00,445.49,446.87,445.49,446.57,2098,924.4,138410.5861,60.36945224,57.14534978,NaN,NaN
2022-01-14T15:40:00-05:00,446.26,446.41,445.53,445.88,2125,950.35,137975.927,54.3033311,56.19085268,NaN,NaN
2022-01-14T15:41:00-05:00,445.84,446.355,445.2101,446.065,1261,1003.4,138598.1114,55.59177231,55.06876747,NaN,NaN
2022-01-14T15:42:00-05:00,446.035,446.25,445.98,446.25,400,950.45,138998.1114,56.90046399,54.98870852,NaN,NaN
2022-01-14T15:43:00-05:00,446.165,446.215,445.84,445.9036,1062,973.55,138296.3418,53.70884839,54.97430318,NaN,NaN
2022-01-14T15:44:00-05:00,445.975,446.34,445.85,445.85,500,973.55,137796.3418,53.21148735,54.68628704,NaN,NaN
2022-01-14T15:45:00-05:00,446.44,446.96,446.23,446.615,800,978.55,137840.1774,59.04128606,54.80711275,NaN,NaN
2022-01-14T15:46:00-05:00,446.21,446.21,445.54,445.74,1800,1033.55,137114.8043,51.18545415,54.06180012,NaN,NaN
2022-01-14T15:47:00-05:00,445.735,446.085,445.35,446.08,3327,1180.55,140396.539,53.76005119,53.56767955,NaN,NaN
2022-01-14T15:48:00-05:00,446.3,446.8999,445.83,446.495,1375,1198.75,140730.8109,56.75797053,53.99997943,NaN,NaN
2022-01-14T15:49:00-05:00,446.495,446.76,446.21,446.2401,4280,1335.85,136919.2764,54.42397881,54.15060906,NaN,NaN
2022-01-14T15:50:00-05:00,446.24,447.99,446.23,447.31,9913,1801.5,139172.2309,61.56773283,54.93543741,NaN,NaN
2022-01-14T15:51:00-05:00,447.395,447.7999,446.84,447.4,3959,1989.45,139832.5454,62.10581263,55.93659157,NaN,NaN
2022-01-14T15:52:00-05:00,447.29,447.97,446.8,447.97,3398,2144.35,143230.5454,65.40898347,57.02404465,NaN,NaN
2022-01-14T15:53:00-05:00,447.46,448.3999,447.02,448.28,2662,2243.1,145429.9412,67.08921158,57.50402746,NaN,NaN
2022-01-14T15:54:00-05:00,447.97,448.86,447.67,448.86,2800,2296.9,148229.9412,70.02309404,58.62686767,NaN,NaN
2022-01-14T15:55:00-05:00,448.31,448.84,446.83,447.29,5650,2518.15,145166.0108,55.57949662,58.62599083,NaN,NaN
2022-01-14T15:56:00-05:00,447.69,448.16,447.08,447.9811,4818,2744.05,148387.8253,59.53614335,58.81425364,NaN,NaN
2022-01-14T15:57:00-05:00,447.69,447.82,446.75,447.29,7817,3082.25,148460.8813,54.32505257,58.85826823,NaN,NaN
2022-01-14T15:58:00-05:00,447.18,448.1,446.81,448.1,9485,3476.5,157945.8813,58.86911985,59.26238483,NaN,NaN
2022-01-14T15:59:00-05:00,448.15,448.31,447.06,447.46,9790,3861.1,154421.4813,54.27457235,58.92190528,NaN,NaN