time,open,high,low,close,Volume,Accumulation/Distribution,RSI
2022-01-14T09:30:00-05:00,461.19,461.71,461,461.42,726982,4703488.932,24.53400505
2022-01-14T09:31:00-05:00,461.45,461.64,461.21,461.4,449291,4651245.793,24.45358895
2022-01-14T09:32:00-05:00,461.41,461.67,461.28,461.51,343258,4712856.203,25.89233812
2022-01-14T09:33:00-05:00,461.5,461.58,461.28,461.36,345212,4551757.27,25.18789429
2022-01-14T09:34:00-05:00,461.36,461.4,460.73,461.09,451447,4585447.344,23.92605683
2022-01-14T09:35:00-05:00,461.09,461.93,460.8,461.87,433812,4973190.813,34.18396469
2022-01-14T09:36:00-05:00,461.86,462.08,461.5,461.87,638915,5149443.227,34.18396469
2022-01-14T09:37:00-05:00,461.87,462.67,461.74,462.6,449165,5530991.991,42.58690789
2022-01-14T09:38:00-05:00,462.59,463.17,462.55,463.11,596337,6011908.926,47.61854454
2022-01-14T09:39:00-05:00,463.11,463.13,462.63,462.78,388530,5856496.926,44.87786077
2022-01-14T09:40:00-05:00,462.78,463.31,462.64,463.25,338178,6134105.732,49.34920096
2022-01-14T09:41:00-05:00,463.23,463.28,462.45,462.49,324515,5840869.286,43.24106803
2022-01-14T09:42:00-05:00,462.49,462.67,462.25,462.38,318968,5719357.667,42.42262276
2022-01-14T09:43:00-05:00,462.37,462.45,462.22,462.42,124694,5811522.798,42.84625588
2022-01-14T09:44:00-05:00,462.4,463.1,462.39,462.8399,244046,5876762.137,47.23513322
2022-01-14T09:45:00-05:00,462.86,463.25,462.63,463.0004,240772,5923673.843,48.85191708
2022-01-14T09:46:00-05:00,463.01,463.48,462.86,463.43,250500,6133770.617,53.00291011
2022-01-14T09:47:00-05:00,463.41,463.85,463.16,463.2,399295,5780770.689,50.63366364
2022-01-14T09:48:00-05:00,463.22,463.39,462.82,463.275,303757,5961959.075,51.39661206
2022-01-14T09:49:00-05:00,463.29,463.5075,462.75,462.8,382092,5630308.263,46.49552448
2022-01-14T09:50:00-05:00,462.82,463.17,462.62,463.06,297105,5808571.263,49.34301155
2022-01-14T09:51:00-05:00,463.06,463.55,463.01,463.49,292956,6036425.93,53.72893397
2022-01-14T09:52:00-05:00,463.49,463.7,463.18,463.3,194052,5931936.392,51.60292202
2022-01-14T09:53:00-05:00,463.28,463.67,463.205,463.47,171047,5955846.187,53.38040707
2022-01-14T09:54:00-05:00,463.4675,463.71,463.19,463.62,133804,6043333.418,54.9525221
2022-01-14T09:55:00-05:00,463.63,464.43,463.55,464.43,362289,6405622.418,62.338271
2022-01-14T09:56:00-05:00,464.42,464.5,464.13,464.15,314012,6125557.661,58.75230114
2022-01-14T09:57:00-05:00,464.15,464.48,464.085,464.19,212039,6026248.256,59.11413708
2022-01-14T09:58:00-05:00,464.24,464.48,464.17,464.24,236094,5896777.353,59.59131613
2022-01-14T09:59:00-05:00,464.23,464.42,464.22,464.4,209304,6064220.553,61.15371652
2022-01-14T10:00:00-05:00,464.38,464.58,463.65,463.83,600630,5696092.488,53.254033
2022-01-14T10:01:00-05:00,463.82,463.86,463.38,463.41,352809,5387384.613,48.30274935
2022-01-14T10:02:00-05:00,463.42,463.7,463.23,463.45,203262,5374410.443,48.79107145
2022-01-14T10:03:00-05:00,463.445,463.46,462.97,463.01,207862,5200485.096,43.88094913
2022-01-14T10:04:00-05:00,463.01,463.53,462.86,463.36,165528,5282013.813,48.33493644
2022-01-14T10:05:00-05:00,463.36,464.02,463.33,463.9988,234392,5502002.594,55.30697742
2022-01-14T10:06:00-05:00,463.95,463.95,463.66,463.69,148288,5384394.87,51.67658293
2022-01-14T10:07:00-05:00,463.71,464.05,463.56,463.71,246700,5288735.686,51.8968173
2022-01-14T10:08:00-05:00,463.705,464.24,463.705,464.22,207758,5480960.378,57.2475508
2022-01-14T10:09:00-05:00,464.23,464.235,463.71,463.9101,167370,5441174.138,53.36320823
2022-01-14T10:10:00-05:00,463.88,463.89,463.61,463.83,105613,5501524.424,52.37403519
2022-01-14T10:11:00-05:00,463.84,464.4596,463.835,464.25,187119,5563058.594,56.88679394
2022-01-14T10:12:00-05:00,464.25,464.26,463.74,463.82,154679,5455973.132,51.50584697
2022-01-14T10:13:00-05:00,463.82,463.96,463.69,463.8,129951,5431908.132,51.26296393
2022-01-14T10:14:00-05:00,463.8,463.9,463.25,463.4001,172228,5339222.972,46.53744719
2022-01-14T10:15:00-05:00,463.415,464.14,463.38,463.8,193250,5359565.077,51.36552751
2022-01-14T10:16:00-05:00,463.7959,464.126,463.56,464.05,184446,5494477.875,54.1529904
2022-01-14T10:17:00-05:00,464,464.24,463.7,463.83,136618,5423638.912,51.36312239
2022-01-14T10:18:00-05:00,463.83,464.07,463.68,464.04,109134,5515983.066,53.80934851
2022-01-14T10:19:00-05:00,464.03,464.86,464.01,464.76,292953,5740005.949,61.04379685
2022-01-14T10:20:00-05:00,464.74,464.79,463.97,464.08,234199,5568640.827,52.65579353
2022-01-14T10:21:00-05:00,464.07,464.195,463.77,463.87,175681,5475633.238,50.35460949
2022-01-14T10:22:00-05:00,463.8,463.93,463.59,463.64,212988,5325288.768,47.88624549
2022-01-14T10:23:00-05:00,463.65,463.85,463.52,463.65,144212,5294698.344,48.0055848
2022-01-14T10:24:00-05:00,463.66,463.75,463.17,463.2371,156159,5174671.305,43.56909712
2022-01-14T10:25:00-05:00,463.24,463.56,463.07,463.2399,153328,5127671.58,43.60715717
2022-01-14T10:26:00-05:00,463.24,463.36,462.66,462.87,176316,5057145.18,39.78922025
2022-01-14T10:27:00-05:00,462.89,463.1796,462.87,463.07,181894,5110256.348,42.70988056
2022-01-14T10:28:00-05:00,463.1211,463.3085,462.99,463.08,132548,5052617.735,42.8591285
2022-01-14T10:29:00-05:00,463.06,463.275,462.93,463.06,187922,5006318.112,42.61998609
2022-01-14T10:30:00-05:00,463.1,463.1099,462.53,462.73,291030,4916033.068,38.77549191
2022-01-14T10:31:00-05:00,462.74,462.826,462.47,462.74,163632,5000606.911,38.9551908
2022-01-14T10:32:00-05:00,462.73,462.83,462.52,462.66,166106,4984532.137,37.99443127
2022-01-14T10:33:00-05:00,462.65,462.81,462.45,462.81,268606,5253138.137,40.93586565
2022-01-14T10:34:00-05:00,462.79,463.27,462.7,463.23,214553,5437578.435,48.32735383
2022-01-14T10:35:00-05:00,463.23,463.3,462.86,462.89,229202,5239631.253,43.57351012
2022-01-14T10:36:00-05:00,462.9001,463,462.73,462.85,103303,5228153.142,43.03714431
2022-01-14T10:37:00-05:00,462.85,462.85,462.2,462.33,176250,5122403.142,36.71070555
2022-01-14T10:38:00-05:00,462.34,462.72,462.15,462.63,175054,5242176.931,42.00724484
2022-01-14T10:39:00-05:00,462.615,462.88,462.53,462.66,163289,5200188.331,42.52523774
2022-01-14T10:40:00-05:00,462.68,462.69,462.04,462.06,134682,5073794.455,35.66410161
2022-01-14T10:41:00-05:00,462.07,462.39,462.01,462.35,184986,5219836.033,40.6484965
2022-01-14T10:42:00-05:00,462.37,462.59,462.34,462.42,160611,5162016.073,41.82019549
2022-01-14T10:43:00-05:00,462.4,462.45,462.19,462.27,114667,5117913.381,39.99797776
2022-01-14T10:44:00-05:00,462.255,462.29,461.9799,462.18,167332,5166531.934,38.90268622
2022-01-14T10:45:00-05:00,462.1663,462.41,462.08,462.3,164718,5221437.934,41.21415424
2022-01-14T10:46:00-05:00,462.285,462.315,462.02,462.05,213121,5051663.578,37.98957089
2022-01-14T10:47:00-05:00,462.04,462.49,461.97,462.48,213147,5256612.616,45.83882553
2022-01-14T10:48:00-05:00,462.45,463.01,462.44,462.7024,185640,5241891.69,49.40591835
2022-01-14T10:49:00-05:00,462.69,462.77,462.4,462.76,94010,5330820.069,50.31854475
2022-01-14T10:50:00-05:00,462.76,462.89,462.3234,462.8,139294,5425862.533,50.97983222
2022-01-14T10:51:00-05:00,462.81,462.82,462.23,462.31,170791,5301387.736,43.36506307
2022-01-14T10:52:00-05:00,462.285,462.285,461.8,461.95,200608,5224867.159,38.78177526
2022-01-14T10:53:00-05:00,461.96,462.37,461.9523,462.309,114456,5305893.348,45.02203206
2022-01-14T10:54:00-05:00,462.27,462.44,462.12,462.34,121374,5351408.598,45.53828787
2022-01-14T10:55:00-05:00,462.345,462.64,462.01,462.5815,154121,5476907.127,49.51546345
2022-01-14T10:56:00-05:00,462.59,462.71,462.42,462.51,98259,5439636.472,48.38878045
2022-01-14T10:57:00-05:00,462.51,462.61,462.29,462.39,106053,5399866.597,46.47733462
2022-01-14T10:58:00-05:00,462.37,462.43,462.19,462.39,105819,5470412.597,46.47733462
2022-01-14T10:59:00-05:00,462.4,462.66,462.33,462.6,155471,5569348.688,50.44988489
2022-01-14T11:00:00-05:00,462.61,463.15,462.46,463.09,220292,5751329.035,58.23863578
2022-01-14T11:01:00-05:00,463.09,463.41,463,463.26,209719,5807595.109,60.55523066
2022-01-14T11:02:00-05:00,463.26,463.26,462.485,462.515,132439,5685409.45,47.99119837
2022-01-14T11:03:00-05:00,462.495,462.495,461.8,461.94,197216,5567647.379,40.93226041
2022-01-14T11:04:00-05:00,461.98,462.27,461.89,462.18,120633,5631138.431,44.5953858
2022-01-14T11:05:00-05:00,462.16,462.16,461.77,461.8,219060,5445779.97,40.33063613
2022-01-14T11:06:00-05:00,461.81,462.06,461.59,461.91,158107,5502967.608,42.0580272
2022-01-14T11:07:00-05:00,461.91,462.08,461.53,461.53,157291,5345676.608,37.96879586
2022-01-14T11:08:00-05:00,461.52,461.6,461.341,461.5,168288,5384012.484,37.65750479
2022-01-14T11:09:00-05:00,461.49,461.57,461.36,461.4299,108406,5347773.907,36.89629555
2022-01-14T11:10:00-05:00,461.44,461.65,461.34,461.5,198220,5354168.101,38.24072914
2022-01-14T11:11:00-05:00,461.49,461.62,461.14,461.28,252295,5249045.184,35.67209383
2022-01-14T11:12:00-05:00,461.28,461.54,461.25,461.4,159987,5254561.977,38.1139079
2022-01-14T11:13:00-05:00,461.41,461.57,461.24,461.27,131776,5146745.25,36.49759937
2022-01-14T11:14:00-05:00,461.26,461.44,461.07,461.23,179762,5122453.088,35.99183745
2022-01-14T11:15:00-05:00,461.21,461.21,460.77,460.97,215841,5102831.179,32.80927791
2022-01-14T11:16:00-05:00,460.96,461.16,460.84,461.02,163391,5123255.054,34.01759795
2022-01-14T11:17:00-05:00,461.02,461.35,460.96,461.31,129835,5226457.233,40.68076762
2022-01-14T11:18:00-05:00,461.32,461.32,460.88,460.9001,111077,5125528.632,35.26066128
2022-01-14T11:19:00-05:00,460.8899,461.02,460.71,460.99,226773,5308410.083,37.23579788
2022-01-14T11:20:00-05:00,460.97,461.1598,460.94,461.09,70672,5334196.682,39.44877441
2022-01-14T11:21:00-05:00,461.105,461.14,460.91,461,136764,5304465.378,38.14521144
2022-01-14T11:22:00-05:00,460.99,461.03,460.8,460.92,122374,5309785.986,36.97558882
2022-01-14T11:23:00-05:00,460.93,461.48,460.91,461.27,252048,5376114.408,44.93120859
2022-01-14T11:24:00-05:00,461.27,461.5,461.26,461.44,138887,5445557.908,48.34209731
2022-01-14T11:25:00-05:00,461.42,461.53,461.23,461.39,126798,5454011.108,47.4119419
2022-01-14T11:26:00-05:00,461.4,461.94,461.39,461.79,220024,5554022.017,54.88983296
2022-01-14T11:27:00-05:00,461.79,462.07,461.76,462.05,260386,5780809.823,58.97353577
2022-01-14T11:28:00-05:00,462.04,462.09,461.55,461.59,223155,5590714.823,50.29794424
2022-01-14T11:29:00-05:00,461.58,461.62,461.33,461.45,123590,5569406.202,47.98430304
2022-01-14T11:30:00-05:00,461.46,461.58,461.08,461.2448,262822,5479836.465,44.73613676
2022-01-14T11:31:00-05:00,461.23,461.81,461.09,461.745,135467,5590844.145,53.07479633
2022-01-14T11:32:00-05:00,461.74,462.13,461.69,461.82,165710,5523053.691,54.19091125
2022-01-14T11:33:00-05:00,461.8283,461.83,461.53,461.75,133748,5585469.424,52.92562097
2022-01-14T11:34:00-05:00,461.74,461.97,461.63,461.77,136315,5561413.836,53.26140191
2022-01-14T11:35:00-05:00,461.76,462.29,461.76,462.07,184652,5592769.836,58.09043851
2022-01-14T11:36:00-05:00,462.07,462.07,461.735,461.92,136805,5607062.896,55.02896272
2022-01-14T11:37:00-05:00,461.98,462.46,461.84,462.41,155349,5737355.605,62.06264474
2022-01-14T11:38:00-05:00,462.4,462.449,462.22,462.32,181091,5714422.684,60.20021881
2022-01-14T11:39:00-05:00,462.34,462.46,462.16,462.24,132032,5652807.751,58.5191748
2022-01-14T11:40:00-05:00,462.24,462.54,462.15,462.47,143935,5745073.776,61.82011854
2022-01-14T11:41:00-05:00,462.45,462.5,462.06,462.18,127383,5687172.413,55.79155245
2022-01-14T11:42:00-05:00,462.17,462.43,462.12,462.4,119051,5783181.284,59.05373216
2022-01-14T11:43:00-05:00,462.42,462.555,462.315,462.34,163978,5653365.367,57.80101977
2022-01-14T11:44:00-05:00,462.3301,462.93,462.27,462.6742,176951,5693152.531,62.56453086
2022-01-14T11:45:00-05:00,462.65,462.82,462.52,462.79,106982,5778738.131,64.07766215
2022-01-14T11:46:00-05:00,462.79,463.25,462.79,463.19,192089,5920716.957,68.77293295
2022-01-14T11:47:00-05:00,463.18,463.34,463.12,463.13,162163,5773296.048,67.3508816
2022-01-14T11:48:00-05:00,463.14,463.3549,463.13,463.2,111099,5731356.052,68.17760841
2022-01-14T11:49:00-05:00,463.19,463.31,462.895,463.07,177091,5703618.908,64.89130925
2022-01-14T11:50:00-05:00,463.089,463.3075,463.08,463.12,84716,5648693.149,65.57854523
2022-01-14T11:51:00-05:00,463.13,463.13,462.84,462.97,133713,5634860.77,61.67798178
2022-01-14T11:52:00-05:00,462.97,463.17,462.89,463.06,82701,5652582.413,63.09629287
2022-01-14T11:53:00-05:00,463.08,463.2,463.0601,463.18,64940,5698954.865,64.95850508
2022-01-14T11:54:00-05:00,463.17,463.21,462.96,463.06,99650,5679024.865,61.61040872
2022-01-14T11:55:00-05:00,463.065,463.26,462.85,462.86,139044,5546763.499,56.39337717
2022-01-14T11:56:00-05:00,462.85,463.19,462.83,463.09,139697,5608851.054,60.53235509
2022-01-14T11:57:00-05:00,463.1,463.3474,463.03,463.0591,112626,5516876.703,59.71234329
2022-01-14T11:58:00-05:00,463.08,463.18,462.96,463.06,76201,5509949.339,59.72945482
2022-01-14T11:59:00-05:00,463.07,463.08,462.9,462.94,65253,5473697.672,56.29610162
2022-01-14T12:00:00-05:00,462.95,462.96,462.6,462.63,176092,5326954.339,48.53458821
2022-01-14T12:01:00-05:00,462.6286,462.87,462.6286,462.85,136493,5440830.438,53.44052384
2022-01-14T12:02:00-05:00,462.87,463.15,462.83,463.11,106123,5520422.688,58.47807246
2022-01-14T12:03:00-05:00,463.07,463.08,462.68,462.68,74882,5445540.688,49.02982427
2022-01-14T12:04:00-05:00,462.6799,462.76,462.42,462.45,133549,5335559.158,44.85522012
2022-01-14T12:05:00-05:00,462.46,462.615,462.41,462.59,66824,5386084.622,47.77034398
2022-01-14T12:06:00-05:00,462.58,462.6299,462.46,462.545,66195,5386123.583,46.91191392
2022-01-14T12:07:00-05:00,462.56,462.65,462.5,462.51,46012,5346246.516,46.21627843
2022-01-14T12:08:00-05:00,462.54,462.77,462.5,462.71,79129,5390207.072,50.71377435
2022-01-14T12:09:00-05:00,462.72,463,462.61,462.96,71124,5446741.533,55.70047908
2022-01-14T12:10:00-05:00,462.96,463.29,462.78,463.05,132895,5454558.886,57.37258682
2022-01-14T12:11:00-05:00,463.06,463.06,462.6,462.615,68744,5390298.191,47.95153901
2022-01-14T12:12:00-05:00,462.61,462.75,462.5901,462.68,46555,5396092.09,49.29147646
2022-01-14T12:13:00-05:00,462.68,462.79,462.61,462.65,62650,5361286.534,48.66871873
2022-01-14T12:14:00-05:00,462.64,462.64,462.27,462.41,114108,5333530.534,43.8912295
2022-01-14T12:15:00-05:00,462.41,462.58,462.36,462.42,66123,5303474.625,44.13729189
2022-01-14T12:16:00-05:00,462.42,462.52,462.38,462.44,50962,5296194.339,44.66001082
2022-01-14T12:17:00-05:00,462.45,462.54,462.32,462.48,57004,5322105.249,45.75329801
2022-01-14T12:18:00-05:00,462.5,462.68,462.45,462.59,61550,5335485.683,48.75171418
2022-01-14T12:19:00-05:00,462.59,462.73,462.47,462.5,83869,5270971.068,46.48764036
2022-01-14T12:20:00-05:00,462.51,462.51,462.31,462.49,102781,5353195.868,46.23073471
2022-01-14T12:21:00-05:00,462.485,462.485,462.27,462.43,76589,5390599.798,44.63681908
2022-01-14T12:22:00-05:00,462.41,462.41,462.05,462.05,140565,5250034.798,36.13867976
2022-01-14T12:23:00-05:00,462.07,462.18,462.01,462.035,81378,5192591.504,35.8485485
2022-01-14T12:24:00-05:00,462.03,462.07,461.83,461.92,105294,5166268.004,33.6200523
2022-01-14T12:25:00-05:00,461.91,461.94,461.78,461.91,49251,5197049.879,33.4254694
2022-01-14T12:26:00-05:00,461.9061,462.11,461.83,462.066,89206,5258219.708,39.32509784
2022-01-14T12:27:00-05:00,462.07,462.16,461.99,462.109,65357,5284362.508,40.88026671
2022-01-14T12:28:00-05:00,462.11,462.39,462.1,462.35,59492,5327442.921,48.8009657
2022-01-14T12:29:00-05:00,462.36,462.44,462.2,462.33,102214,5335960.755,48.22355096
2022-01-14T12:30:00-05:00,462.28,462.52,462.24,462.3324,78842,5309154.475,48.30259955
2022-01-14T12:31:00-05:00,462.33,462.335,462.12,462.33,59428,5365818.382,48.22331226
2022-01-14T12:32:00-05:00,462.35,462.43,462.275,462.39,53165,5391543.382,50.41465868
2022-01-14T12:33:00-05:00,462.4,462.43,462.21,462.32,50944,5391543.382,47.8692091
2022-01-14T12:34:00-05:00,462.31,462.535,462.21,462.47,66341,5431347.982,53.30940994
2022-01-14T12:35:00-05:00,462.46,462.815,462.46,462.55,106313,5378940.165,55.94970722
2022-01-14T12:36:00-05:00,462.55,462.77,462.53,462.7399,83977,5441852.934,61.51328286
2022-01-14T12:37:00-05:00,462.74,462.9,462.71,462.78,82324,5420188.723,62.58782209
2022-01-14T12:38:00-05:00,462.79,462.84,462.49,462.56,92064,5364950.323,53.72537145
2022-01-14T12:39:00-05:00,462.5688,462.5688,462.36,462.48,82017,5377205.737,50.90272175
2022-01-14T12:40:00-05:00,462.46,462.46,462.03,462.07,108375,5288993.528,39.46032978
2022-01-14T12:41:00-05:00,462.07,462.2,462.02,462.06,88257,5239961.861,39.22870734
2022-01-14T12:42:00-05:00,462.07,462.17,461.96,462.04,104835,5215001.147,38.73894832
2022-01-14T12:43:00-05:00,462.07,462.08,461.88,461.92,63050,5177171.147,35.84714382
2022-01-14T12:44:00-05:00,461.9199,462.03,461.88,462.01,36093,5203639.347,39.49516326
2022-01-14T12:45:00-05:00,462.0199,462.02,461.84,461.91,73196,5187373.569,36.9790018
2022-01-14T12:46:00-05:00,461.92,461.93,461.62,461.64,87860,5110850.343,31.19949697
2022-01-14T12:47:00-05:00,461.64,461.6601,461.4001,461.49,98424,5080490.325,28.53157361
2022-01-14T12:48:00-05:00,461.48,461.58,461.35,461.3832,200340,4937987.612,26.77593516
2022-01-14T12:49:00-05:00,461.3832,461.3832,461.06,461.255,148417,4968662.908,24.80299068
2022-01-14T12:50:00-05:00,461.25,461.39,461.22,461.37,90668,5037997.261,29.7999105
2022-01-14T12:51:00-05:00,461.35,461.39,461.171,461.27,85200,5029827.398,28.05414581
2022-01-14T12:52:00-05:00,461.275,461.3,460.97,461.04,131273,4954245.973,24.49918439
2022-01-14T12:53:00-05:00,461.05,461.05,460.81,460.85,136767,4863067.973,22.0171418
2022-01-14T12:54:00-05:00,460.855,461.0947,460.855,461.05,123813,4940702.908,30.05060227
2022-01-14T12:55:00-05:00,461.01,461.0399,460.75,460.89,142634,4935831.999,27.60096154
2022-01-14T12:56:00-05:00,460.9,460.9,460.59,460.65,250443,4782334.676,24.38933449
2022-01-14T12:57:00-05:00,460.65,461,460.6,460.82,232710,4805605.676,30.55349126
2022-01-14T12:58:00-05:00,460.83,460.84,460.67,460.7,106551,4736660.912,28.77047751
2022-01-14T12:59:00-05:00,460.7,460.74,460.53,460.64,134203,4743051.531,27.89396369
2022-01-14T13:00:00-05:00,460.64,460.68,460.39,460.68,161769,4904820.531,29.43736864
2022-01-14T13:01:00-05:00,460.67,460.93,460.61,460.77,205685,4904820.531,32.91665503
2022-01-14T13:02:00-05:00,460.75,461.1,460.74,461.07,136376,5018467.197,43.0049146
2022-01-14T13:03:00-05:00,461.07,461.08,460.94,461.01,70395,5018467.197,41.65567104
2022-01-14T13:04:00-05:00,461.02,461.16,460.89,461.02,133573,5013520.049,41.98238342
2022-01-14T13:05:00-05:00,461.01,461.13,460.81,460.9,130591,4956386.487,39.14931521
2022-01-14T13:06:00-05:00,460.9,461.1,460.89,461.07,84254,5016567.915,44.82934292
2022-01-14T13:07:00-05:00,461.05,461.05,460.86,460.89,69164,4969245.179,40.51684525
2022-01-14T13:08:00-05:00,460.91,461.01,460.89,460.895,53358,4920333.679,40.68752998
2022-01-14T13:09:00-05:00,460.87,460.88,460.5,460.6,160877,4844128.784,34.41325991
2022-01-14T13:10:00-05:00,460.6,460.6,460.2341,460.3,237555,4692142.926,29.44115142
2022-01-14T13:11:00-05:00,460.3,460.66,460.23,460.65,184627,4868182.623,40.28175135
2022-01-14T13:12:00-05:00,460.62,460.87,460.62,460.81,138496,4940200.543,44.48107639
2022-01-14T13:13:00-05:00,460.82,460.88,460.65,460.69,75143,4891194.239,42.09050086
2022-01-14T13:14:00-05:00,460.71,460.99,460.66,460.9078,159674,4971321.555,47.59549794
2022-01-14T13:15:00-05:00,460.9,460.9099,460.63,460.68,95222,4910119.562,42.99211961
2022-01-14T13:16:00-05:00,460.71,461.065,460.71,460.96,129170,4962879.14,49.46228512
2022-01-14T13:17:00-05:00,460.96,461.115,460.9,461,116816,4954729.186,50.32957644
2022-01-14T13:18:00-05:00,460.99,461,460.825,460.825,101760,4852969.186,46.56455383
2022-01-14T13:19:00-05:00,460.84,460.93,460.73,460.82,110074,4841961.786,46.45761932
2022-01-14T13:20:00-05:00,460.81,460.8188,460.43,460.7,178825,4911504.842,43.85462181
2022-01-14T13:21:00-05:00,460.69,460.735,460.18,460.21,338762,4609365.761,35.18542087
2022-01-14T13:22:00-05:00,460.21,460.37,460.21,460.26,135567,4558528.136,36.56346076
2022-01-14T13:23:00-05:00,460.26,460.32,460.02,460.14,171499,4524228.336,34.65887942
2022-01-14T13:24:00-05:00,460.13,460.18,459.9,459.9982,255484,4447948.113,32.5042525
2022-01-14T13:25:00-05:00,459.99,460.42,459.99,460.37,200341,4601698.183,42.58318428
2022-01-14T13:26:00-05:00,460.35,460.35,460.16,460.21,139525,4535607.393,39.82698387
2022-01-14T13:27:00-05:00,460.205,460.21,460,460.08,107485,4510015.727,37.69230101
2022-01-14T13:28:00-05:00,460.08,460.28,460.08,460.22,73122,4539264.527,41.33880124
2022-01-14T13:29:00-05:00,460.24,460.52,460.191,460.45,97636,4595353.293,46.84283199
2022-01-14T13:30:00-05:00,460.42,460.74,460.355,460.64,145516,4665276.565,50.93812088
2022-01-14T13:31:00-05:00,460.66,460.81,460.62,460.73,109391,4682548.829,52.79335793
2022-01-14T13:32:00-05:00,460.72,460.74,460.33,460.49,167583,4645762.316,47.62187455
2022-01-14T13:33:00-05:00,460.475,460.53,460.32,460.36,66992,4604291.078,45.04777137
2022-01-14T13:34:00-05:00,460.35,460.45,459.99,460.11,154955,4530182.165,40.51262613
2022-01-14T13:35:00-05:00,460.1,460.32,459.99,460.12,120276,4504669.074,40.76949295
2022-01-14T13:36:00-05:00,460.11,460.28,460.06,460.21,63143,4527630.165,43.14879767
2022-01-14T13:37:00-05:00,460.21,460.55,460.18,460.52,99025,4610597.057,50.52147499
2022-01-14T13:38:00-05:00,460.53,460.56,460.28,460.29,76739,4539339.414,45.77803367
2022-01-14T13:39:00-05:00,460.28,460.47,460.28,460.38,89837,4544067.677,47.84170374
2022-01-14T13:40:00-05:00,460.37,460.45,460.28,460.36,114042,4537359.324,47.40988048
2022-01-14T13:41:00-05:00,460.35,460.67,460.29,460.63,125524,4636457.219,53.51048487
2022-01-14T13:42:00-05:00,460.64,461.02,460.61,460.81,170462,4632299.609,57.08465133
2022-01-14T13:43:00-05:00,460.82,461.11,460.76,460.96,94086,4645740.467,59.85452401
2022-01-14T13:44:00-05:00,460.95,461.2421,460.91,461.14,174198,4712828.465,62.94522685
2022-01-14T13:45:00-05:00,461.12,461.2,461.02,461.04,116824,4621965.354,60.17357528
2022-01-14T13:46:00-05:00,461.05,461.06,460.76,460.84,127709,4562367.82,54.96107898
2022-01-14T13:47:00-05:00,460.85,460.93,460.66,460.86,127361,4623689.783,55.37735362
2022-01-14T13:48:00-05:00,460.88,460.97,460.82,460.91,45083,4632706.383,56.46077489
2022-01-14T13:49:00-05:00,460.91,461.02,460.8882,461,76350,4685884.911,58.41784428
2022-01-14T13:50:00-05:00,460.99,461.435,460.91,461.4,131611,4799947.778,65.78003768
2022-01-14T13:51:00-05:00,461.38,461.58,461.26,461.4598,194040,4848215.228,66.72845413
2022-01-14T13:52:00-05:00,461.4639,461.4639,461.25,461.27,76395,4786106.343,60.95411499
2022-01-14T13:53:00-05:00,461.3,461.58,461.29,461.4599,142529,4810582.013,64.28426821
2022-01-14T13:54:00-05:00,461.44,461.48,461.27,461.46,110457,4899999.584,64.28599559
2022-01-14T13:55:00-05:00,461.45,461.64,461.36,461.59,68716,4944174.156,66.5508524
2022-01-14T13:56:00-05:00,461.57,461.8322,461.51,461.79,122907,5034885.778,69.73116119
2022-01-14T13:57:00-05:00,461.8,462.15,461.78,461.98,177678,5049292.102,72.41448801
2022-01-14T13:58:00-05:00,461.98,462.16,461.89,462.135,128470,5153971.361,74.40768476
2022-01-14T13:59:00-05:00,462.145,462.16,461.9201,461.975,72366,5114726.607,68.87538
2022-01-14T14:00:00-05:00,461.97,462.06,461.91,461.993,133964,5129016.1,69.15324573
2022-01-14T14:01:00-05:00,461.99,462.21,461.99,462.1,132487,5129016.1,70.82087368
2022-01-14T14:02:00-05:00,462.1082,462.62,462.089,462.44,228663,5202653.337,75.37624512
2022-01-14T14:03:00-05:00,462.42,462.6,462.36,462.48,80836,5202653.337,75.85384612
2022-01-14T14:04:00-05:00,462.48,462.53,462.12,462.16,217422,5027655.142,64.99324542
2022-01-14T14:05:00-05:00,462.17,462.28,461.92,462.03,125800,4978732.92,61.16203318
2022-01-14T14:06:00-05:00,462.015,462.12,461.79,461.92,119580,4953367.465,58.04414577
2022-01-14T14:07:00-05:00,461.89,462.01,461.74,461.85,181194,4919813.021,56.08478847
2022-01-14T14:08:00-05:00,461.85,462.13,461.85,462.02,104888,4942289.021,59.64735352
2022-01-14T14:09:00-05:00,462.02,462.17,461.93,461.99,56310,4914134.021,58.74172203
2022-01-14T14:10:00-05:00,461.955,461.98,461.63,461.7,98796,4854856.421,50.72425093
2022-01-14T14:11:00-05:00,461.7,461.765,461.55,461.6,78345,4812950.956,48.27732612
2022-01-14T14:12:00-05:00,461.6,461.8,461.525,461.64,108869,4795136.029,49.33025343
2022-01-14T14:13:00-05:00,461.62,461.87,461.595,461.83,41850,4824811.483,54.10909203
2022-01-14T14:14:00-05:00,461.84,462.12,461.84,462.07,146402,4918927.055,59.32727417
2022-01-14T14:15:00-05:00,462.09,462.31,461.98,462.01,148276,4797610.327,57.56499091
2022-01-14T14:16:00-05:00,462.01,462.24,461.83,461.85,85795,4720185.571,53.0403788
2022-01-14T14:17:00-05:00,461.86,462.11,461.82,462.05,174227,4822318.64,57.53364918
2022-01-14T14:18:00-05:00,462.05,462.37,461.96,462.28,131823,4896268.128,62.0327862
2022-01-14T14:19:00-05:00,462.3,462.31,462.03,462.091,200701,4783015.421,56.71533593
2022-01-14T14:20:00-05:00,462.08,462.24,461.93,462.21,141950,4897491.227,59.09299547
2022-01-14T14:21:00-05:00,462.21,462.31,462.04,462.1,54023,4867478.449,56.02919548
2022-01-14T14:22:00-05:00,462.09,462.22,462,462.16,52296,4891249.359,57.32877473
2022-01-14T14:23:00-05:00,462.17,462.44,462.13,462.41,92437,4965795.326,62.32523409
2022-01-14T14:24:00-05:00,462.41,462.48,462.34,462.44,95143,5006570.898,62.88682655
2022-01-14T14:25:00-05:00,462.45,462.62,462.07,462.11,89251,4930301.861,53.44871065
2022-01-14T14:26:00-05:00,462.1,462.17,461.87,461.925,99813,4867086.961,49.00816312
2022-01-14T14:27:00-05:00,461.91,461.95,461.46,461.6,202967,4780101.104,42.35139636
2022-01-14T14:28:00-05:00,461.6,461.74,461.5,461.6,81827,4766463.271,42.35139636
2022-01-14T14:29:00-05:00,461.6026,461.82,461.475,461.51,115453,4674435.517,40.58109504
2022-01-14T14:30:00-05:00,461.49,461.89,461.43,461.82,139318,4771352.387,48.55747134
2022-01-14T14:31:00-05:00,461.83,462.27,461.83,462.01,239682,4727773.841,52.74453552
2022-01-14T14:32:00-05:00,462.02,462.27,461.91,462.17,101571,4772916.508,55.99287472
2022-01-14T14:33:00-05:00,462.15,462.52,462.09,462.35,149849,4804280.252,59.37608016
2022-01-14T14:34:00-05:00,462.35,462.64,462.33,462.55,108426,4849749.22,62.7983175
2022-01-14T14:35:00-05:00,462.55,462.91,462.46,462.895,190396,5027452.153,67.83240415
2022-01-14T14:36:00-05:00,462.91,463.14,462.82,462.98,187633,5027452.153,68.94731905
2022-01-14T14:37:00-05:00,462.99,463.01,462.83,462.91,156447,5010069.153,66.89116489
2022-01-14T14:38:00-05:00,462.91,463.055,462.84,462.89,105475,4953652.293,66.2829504
2022-01-14T14:39:00-05:00,462.9,463.01,462.76,462.76,163224,4790428.293,62.31661106
2022-01-14T14:40:00-05:00,462.76,462.77,462.5,462.54,256208,4610133.774,56.18884531
2022-01-14T14:41:00-05:00,462.55,462.8,462.53,462.63,102738,4583497.997,58.00799907
2022-01-14T14:42:00-05:00,462.63,462.75,462.48,462.51,86059,4516563.219,54.74403809
2022-01-14T14:43:00-05:00,462.51,462.59,462.33,462.33,133667,4382896.219,50.18275029
2022-01-14T14:44:00-05:00,462.33,462.47,462.1,462.11,126546,4263190.543,45.22315372
2022-01-14T14:45:00-05:00,462.11,462.29,462.065,462.2,146733,4292537.143,47.50866829
2022-01-14T14:46:00-05:00,462.2,462.57,462.19,462.47,157311,4367052.88,53.74401797
2022-01-14T14:47:00-05:00,462.48,462.8,462.41,462.65,160085,4403995.572,57.37890756
2022-01-14T14:48:00-05:00,462.64,462.68,462.31,462.44,123645,4367236.248,52.22287589
2022-01-14T14:49:00-05:00,462.4199,462.64,462.4199,462.52,52156,4362520.644,53.92157441
2022-01-14T14:50:00-05:00,462.51,462.89,462.49,462.89,93658,4456178.644,60.85393083
2022-01-14T14:51:00-05:00,462.89,463.0101,462.75,462.79,103233,4384697.432,58.30098216
2022-01-14T14:52:00-05:00,462.85,462.91,462.545,462.71,106181,4374515.692,56.26729497
2022-01-14T14:53:00-05:00,462.6914,462.8499,462.57,462.74,68097,4389137.449,56.87480756
2022-01-14T14:54:00-05:00,462.72,462.78,462.49,462.63,63974,4386931.449,53.91725271
2022-01-14T14:55:00-05:00,462.64,462.75,462.5801,462.67,69828,4391000.296,54.83695667
2022-01-14T14:56:00-05:00,462.68,462.85,462.65,462.75,68032,4391000.296,56.69831164
2022-01-14T14:57:00-05:00,462.74,462.785,462.46,462.48,89388,4312613.896,49.31156431
2022-01-14T14:58:00-05:00,462.4639,462.515,462.36,462.51,88149,4395075.864,50.08962968
2022-01-14T14:59:00-05:00,462.49,462.64,462.22,462.24,107972,4297386.912,43.60258843
2022-01-14T15:00:00-05:00,462.238,462.64,462.238,462.63,130394,4421293.648,53.05918733
2022-01-14T15:01:00-05:00,462.6,462.99,462.49,462.94,128114,4523784.848,58.95113309
2022-01-14T15:02:00-05:00,462.94,463.05,462.79,462.94,165196,4549199.617,58.95113309
2022-01-14T15:03:00-05:00,462.925,463.285,462.89,463.26,144372,4675296.681,64.31364188
2022-01-14T15:04:00-05:00,463.24,463.35,463.07,463.13,210156,4555207.538,60.83660065
2022-01-14T15:05:00-05:00,463.15,463.305,463.06,463.2123,124066,4585388.491,62.22882245
2022-01-14T15:06:00-05:00,463.22,463.24,462.72,462.795,133761,4490212.395,52.11287991
2022-01-14T15:07:00-05:00,462.79,462.89,462.67,462.68,174959,4331158.759,49.7144262
2022-01-14T15:08:00-05:00,462.68,462.74,462.42,462.63,248473,4408806.571,48.66569061
2022-01-14T15:09:00-05:00,462.65,462.78,462.42,462.51,134905,4341354.071,46.14948373
2022-01-14T15:10:00-05:00,462.51,462.66,462.41,462.53,110212,4336945.591,46.64463171
2022-01-14T15:11:00-05:00,462.53,462.92,462.51,462.82,159410,4418594.616,53.34361521
2022-01-14T15:12:00-05:00,462.83,463.06,462.8,462.9601,117989,4445913.607,56.20440557
2022-01-14T15:13:00-05:00,463,463.07,462.86,462.89,115367,4363508.607,54.40680684
2022-01-14T15:14:00-05:00,462.87,463.02,462.78,462.86,126484,4321347.274,53.61647663
2022-01-14T15:15:00-05:00,462.85,462.88,462.61,462.82,177308,4419851.718,52.52097866
2022-01-14T15:16:00-05:00,462.82,463.36,462.66,463.3599,456720,4876441.227,63.39309975
2022-01-14T15:17:00-05:00,463.35,463.52,463.24,463.4512,212975,4984754.227,64.85856054
2022-01-14T15:18:00-05:00,463.47,463.89,463.46,463.8,205741,5104371.087,69.82798353
2022-01-14T15:19:00-05:00,463.81,463.83,463.67,463.67,167473,4936898.087,66.07746472
2022-01-14T15:20:00-05:00,463.69,463.99,463.62,463.92,170728,5043026.303,69.47313415
2022-01-14T15:21:00-05:00,463.9199,464.15,463.88,464,182299,5022770.859,70.49108092
2022-01-14T15:22:00-05:00,464,464.11,463.96,464.09,142032,5126927.659,71.63694489
2022-01-14T15:23:00-05:00,464.11,464.12,463.99,464.08,139263,5180490.351,71.30562635
2022-01-14T15:24:00-05:00,464.0884,464.25,464.06,464.12,95572,5145279.614,71.86613555
2022-01-14T15:25:00-05:00,464.11,464.1101,463.83,464.03,163057,5215078.023,68.61830629
2022-01-14T15:26:00-05:00,464.01,464.11,463.98,464.02,94574,5178703.408,68.24923618
2022-01-14T15:27:00-05:00,464.01,464.04,463.86,464.02,85907,5245519.963,68.24923618
2022-01-14T15:28:00-05:00,464.01,464.04,463.65,463.66,157129,5096448.861,55.73348453
2022-01-14T15:29:00-05:00,463.65,463.79,463.6,463.68,157798,5071533.387,56.21388971
2022-01-14T15:30:00-05:00,463.67,464.05,463.67,463.96,151408,5151221.808,62.37088807
2022-01-14T15:31:00-05:00,463.96,464.11,463.88,464.1,138637,5277803.417,65.01947188
2022-01-14T15:32:00-05:00,464.1,464.22,463.98,464.03,130257,5201820.167,62.64519057
2022-01-14T15:33:00-05:00,464.05,464.32,464.05,464.13,294939,5081659.834,64.63212852
2022-01-14T15:34:00-05:00,464.14,464.265,464.028,464.22,149691,5174506.15,66.36610095
2022-01-14T15:35:00-05:00,464.24,464.32,464.03,464.17,168221,5168705.426,64.47490659
2022-01-14T15:36:00-05:00,464.18,464.27,464.07,464.19,191608,5207027.026,64.90570202
2022-01-14T15:37:00-05:00,464.18,464.3099,464.13,464.3,137046,5328989.586,67.25747505
2022-01-14T15:38:00-05:00,464.3,464.49,464.25,464.35,202819,5295186.42,68.29743184
2022-01-14T15:39:00-05:00,464.35,464.5486,464.28,464.31,190872,5146951.501,66.47832639
2022-01-14T15:40:00-05:00,464.3,464.366,464.05,464.34,197659,5312084.336,67.18428831
2022-01-14T15:41:00-05:00,464.34,464.61,464.28,464.47,226472,5346398.276,70.12079751
2022-01-14T15:42:00-05:00,464.45,464.51,464.16,464.41,286285,5469091.847,67.13479751
2022-01-14T15:43:00-05:00,464.41,464.53,464.245,464.46,260242,5601495.672,68.3445456
2022-01-14T15:44:00-05:00,464.46,464.6,464.43,464.5499,173874,5672886.29,70.45065471
2022-01-14T15:45:00-05:00,464.55,464.86,464.49,464.76,425431,5868354.588,74.6889693
2022-01-14T15:46:00-05:00,464.75,464.75,463.98,464,423976,5466403.315,47.91593809
2022-01-14T15:47:00-05:00,464,464.21,463.87,464.14,513465,5768441.55,51.37382149
2022-01-14T15:48:00-05:00,464.13,464.45,464.09,464.39,336657,5992879.55,56.87922002
2022-01-14T15:49:00-05:00,464.38,464.54,464.17,464.32,588715,5881501.037,55.00147895
2022-01-14T15:50:00-05:00,464.32,465.09,464.31,464.81,781893,6102034.96,63.96848262
2022-01-14T15:51:00-05:00,464.82,464.95,464.26,464.345,641559,5618541.221,53.14528882
2022-01-14T15:52:00-05:00,464.32,464.68,464.28,464.6399,457033,5983939.104,57.99881556
2022-01-14T15:53:00-05:00,464.64,464.88,464.64,464.835,533848,6317594.104,60.88556075
2022-01-14T15:54:00-05:00,464.83,464.87,464.62,464.81,524426,6590295.624,60.31351733
2022-01-14T15:55:00-05:00,464.8,464.83,464.24,464.49,678928,6486730.336,53.39786394
2022-01-14T15:56:00-05:00,464.49,464.87,464.39,464.87,575569,7062299.336,59.35747055
2022-01-14T15:57:00-05:00,464.87,464.9,464.63,464.86,718304,7567772.521,59.1431237
2022-01-14T15:58:00-05:00,464.85,464.97,464.76,464.93,819774,8075251.664,60.22586619
2022-01-14T15:59:00-05:00,464.94,464.99,464.54,464.69,2359718,7288678.997,54.85804281